"""江河集团：融资净买入131.21万元，融资余额1.34亿元（03-25）""",3,26,2024
"""江河集团本周融资净偿还20.46万元，居装修装饰板块第五""",3,24,2024
"""江河集团本周沪股通持股市值增加21.59万元，居装修装饰板块第二""",3,24,2024
"""6.30放心大胆买。持有一年，回报可期。""",3,23,2024
"""江河集团：连续3日融资净偿还累计282.7万元（03-22）""",3,23,2024
"""江河集团03月22日被沪股通减持43.43万股""",3,23,2024
"""江河集团：融资净偿还135.49万元，融资余额1.33亿元（03-21）""",3,22,2024
"""江河集团：江河源持有的公司股份已累计质押约1.53亿股""",3,21,2024
"""江河集团:江河集团关于大股东进行部分股份质押及解质押公告""",3,21,2024
"""明天跌停！""",3,21,2024
"""高开就跑""",3,21,2024
"""江河集团：融资净偿还146.15万元，融资余额1.34亿元（03-20）""",3,21,2024
"""江河集团03月20日获沪股通增持39.87万股""",3,21,2024
"""涨一分真闹心啊""",3,20,2024
"""6.41全出了嗐搞这么久""",3,20,2024
"""江河集团：融资净买入22.12万元，融资余额1.35亿元（03-19）""",3,20,2024
"""江河集团：融资净买入240.13万元，融资余额1.35亿元（03-18）""",3,19,2024
"""这个公司怎么不做市值管理全面跑输大盘""",3,18,2024
"""6.45全出了嗐搞这么久""",3,18,2024
"""3月18日题材早知道：""",3,18,2024
"""富时罗素新增标的江河集团""",3,16,2024
"""江河集团：融资净偿还102.07万元，融资余额1.33亿元（03-15）""",3,16,2024
"""尾盘啥子情况嘛，直接拉了一个点""",3,15,2024
"""和金螳螂一对难兄难弟！""",3,15,2024
"""江河集团：融资净买入174.29万元，融资余额1.34亿元（03-14）""",3,15,2024
"""江河集团03月14日获沪股通增持30.81万股""",3,15,2024
"""江河集团：融资余额1.32亿元，创近一年新低（03-13）""",3,14,2024
"""江河集团：融资余额1.32亿元，创近一年新低（03-12）""",3,13,2024
"""板块跌，你是没落下，板块涨，你是没有赶上""",3,12,2024
"""江河集团：融资余额1.33亿元，创近一年新低（03-11）""",3,12,2024
"""江河集团03月11日获沪股通增持19.15万股""",3,12,2024
"""磐石建筑光伏组件，江河光伏全新研发产品，其“安全可靠、坚如磐石”的优点，确保在建""",3,11,2024
"""本系统已成功应用于北京中建智地零碳公园，作为国内首批“双碳”示范项目和北京房山首""",3,11,2024
"""BIPV层间系统，完美匹配透光部分Low-E玻璃镜面反射效果，实现均匀一致建筑外""",3,11,2024
"""在建筑光伏系统产品方面，江河光伏同样展现出了强大的实力，作为城镇建筑光伏系统供应""",3,11,2024
"""双玻定制异形光伏组件，具有低水汽透过率、高运行安全性、长久耐老化性等优势；特殊油""",3,11,2024
"""磐石建筑光伏组件，江河光伏全新研发产品，其“安全可靠、坚如磐石”的优点，确保在建""",3,11,2024
"""3月11日，第30届门窗幕墙新产品博览会于广州盛大开幕。江河光伏携全新光伏产品亮""",3,11,2024
"""公司去年曾预判2024年是光伏建筑的大爆发年份，目前2024年即将过去四分之一，""",3,15,2024
"""这里黎明静悄悄[大笑]""",3,11,2024
"""江河集团本周融资净偿还170.95万元，居装修装饰板块第四""",3,10,2024
"""江河集团本周沪股通持股市值减少108.03万元，居装修装饰板块第五""",3,10,2024
"""江河集团：融资净偿还425.55万元，融资余额1.35亿元（03-08）""",3,9,2024
"""江河集团03月08日获沪股通增持47.29万股""",3,9,2024
"""江河集团：融资净买入318.18万元，融资余额1.39亿元（03-07）""",3,8,2024
"""江河集团03月07日被沪股通减持10.17万股""",3,8,2024
"""江河集团：融资净买入178.12万元，融资余额1.36亿元（03-06）""",3,7,2024
"""江河集团03月06日获沪股通增持23.14万股""",3,7,2024
"""江河集团：融资余额1.34亿元，创近一年新低（03-05）""",3,6,2024
"""光伏幕墙产品出口市场份额大不大""",3,5,2024
"""有雷慎重""",3,5,2024
"""江河集团：融资净偿还121.46万元，融资余额1.35亿元（03-04）""",3,5,2024
"""江河集团03月04日被沪股通减持52.89万股""",3,5,2024
"""压力""",3,4,2024
"""江河集团本周融资净买入133.27万元，居装修装饰板块第二""",3,3,2024
"""江河集团本周沪股通持股市值增加358.3万元，居装修装饰板块第二""",3,3,2024
"""江河集团：融资净偿还342.62万元，融资余额1.37亿元（03-01）""",3,2,2024
"""江河集团03月01日被沪股通减持69.76万股""",3,2,2024
"""江河集团：融资净买入48.4万元，融资余额1.4亿元（02-29）""",3,1,2024
"""江河集团02月29日获沪股通增持65.02万股""",3,1,2024
"""江河集团：融资净偿还1.63万元，融资余额1.4亿元（02-28）""",2,29,2024
"""江河集团02月28日获沪股通增持28.19万股""",2,29,2024
"""因为没涨，所以跌得快""",2,28,2024
"""6.4全部清空！刚好保本微利一个点，多事之秋空仓为好，大盘将进入剧烈振荡期，等待""",2,28,2024
"""江河集团：融资净买入240.39万元，融资余额1.4亿元（02-27）""",2,28,2024
"""江河集团02月27日获沪股通增持46.01万股""",2,28,2024
"""江河集团：融资净买入188.73万元，融资余额1.37亿元（02-26）""",2,27,2024
"""江河集团02月26日被沪股通减持10.57万股""",2,27,2024
"""东北证券维持江河集团买入评级 预计2023年净利润同比增长41.49%""",2,26,2024
"""江河集团：融资余额1.35亿元，创近一年新低（02-23）""",2,24,2024
"""江河集团02月23日获沪股通增持9.3万股""",2,24,2024
"""强烈建议，改名字，名，字带集团不吉祥，改成北京江河，智慧江河""",2,23,2024
"""江河集团：融资净买入86.16万元，融资余额1.4亿元（02-22）""",2,23,2024
"""江河集团02月22日获沪股通增持10.59万股""",2,23,2024
"""6.30以下，闭着眼买就行了。""",2,22,2024
"""$江河集团(SH601886)$""",2,22,2024
"""江河集团：融资余额1.39亿元，创近一年新低（02-21）""",2,22,2024
"""江河集团02月21日获沪股通增持72.24万股""",2,22,2024
"""江河集团：融资净偿还196.47万元，融资余额1.42亿元（02-20）""",2,21,2024
"""江河集团02月20日被沪股通减持15.68万股""",2,21,2024
"""快跑马上跌停""",2,20,2024
"""江河集团：融资净买入216.49万元，融资余额1.44亿元（02-19）""",2,20,2024
"""江河集团02月19日被沪股通减持36.62万股""",2,20,2024
"""江河集团股东户数减少119户，户均持股35.68万元""",2,19,2024
"""融券又出来作妖了[笑哭]""",2,19,2024
"""股权质押的雷现在在转动！！""",2,19,2024
"""涨江河集团北方长龙牛气冲天！""",2,19,2024
"""太狠了已经破净了还在打压[怒]""",2,19,2024
"""就知道你是个啥，所以卖就""",2,19,2024
"""啊这…….入进去就开跌啊""",2,19,2024
"""江河集团""",2,17,2024
"""好股票就是不涨""",2,16,2024
"""江河集团:江河集团关于实际控制人进行部分股份补充质押的公告""",2,8,2024
"""希望尾盘来根光头阳，年后连续狂拉，让坚定持有者赚过盆满钵满。""",2,8,2024
"""板块大涨和你无关，今天高开很多人已经跑了""",2,8,2024
"""大反弹连板块都涨不过，可以抛了""",2,8,2024
"""江河集团：连续4日融资净偿还累计1112.04万元（02-07）""",2,8,2024
"""江河集团02月07日获沪股通增持19.51万股""",2,8,2024
"""成交量太小，如果明天不放量，就跟不上这波反弹。""",2,7,2024
"""都跑完了，你该拉个涨停了""",2,7,2024
"""江河集团：连续3日融资净偿还累计1042.55万元（02-06）""",2,7,2024
"""江河集团02月06日被沪股通减持44.23万股""",2,7,2024
"""江河集团股价创逾21个月新低""",2,6,2024
"""来个地天板就美了""",2,6,2024
"""风里雨里，20等你""",2,6,2024
"""有人恶意做空""",2,6,2024
"""举报了""",2,6,2024
"""我真是低估你了，牛牛牛""",2,6,2024
"""江河集团：融资净偿还633.89万元，融资余额1.45亿元（02-05）""",2,6,2024
"""易方达基金明显借券做空。""",2,6,2024
"""江河集团02月05日获沪股通增持11.2万股""",2,6,2024
"""很明显要五元以下9.21-7.16=2.05,7.16-2.05=5.11""",2,5,2024
"""江河集团股价创逾20个月新低""",2,5,2024
"""好刘载望质押盘爆仓了""",2,5,2024
"""江河炒股集团明天4.8左右，""",2,5,2024
"""各位，江河集团在英国的电影院卖了没？""",2,5,2024
"""我们正在经历股灾，形势危急！希望公司能在二级市级进行回购稳定股价给广大投资者以信""",2,19,2024
"""江河集团本周融资净偿还196.49万元，居装修装饰板块第一""",2,4,2024
"""江河集团本周沪股通持股市值减少331.31万元，居装修装饰板块第三""",2,4,2024
"""上周五睡觉了，5.77巨然成交了，还是买早了""",2,4,2024
"""江河集团：融资净偿还274.39万元，融资余额1.51亿元（02-02）""",2,3,2024
"""江河集团02月02日被沪股通减持53.68万股""",2,3,2024
"""ESG不仅仅是一种评估指标，它代表了企业对环境、社会和治理的责任承诺。而我却得知""",2,19,2024
"""尊敬的董秘，公司近期股价比起大盘和相关行业指数，出现了明显的抗跌性，公司管理层是""",2,19,2024
"""尊敬的董秘，全国一片萧条，公司所在行业更是暴雷集中营，为何公司依旧蒸蒸日上，是不""",2,19,2024
"""江河集团：融资净买入38.17万元，融资余额1.54亿元（02-01）""",2,2,2024
"""江河集团02月01日被沪股通减持106.97万股""",2,2,2024
"""夜观天象，江河炒股集团今天爆仓、""",2,1,2024
"""江河集团：融资净偿还77万元，融资余额1.53亿元（01-31）""",2,1,2024
"""江河集团01月31日获沪股通增持115.79万股""",2,1,2024
"""江河集团：2023年建筑装饰板块累计中标金额约258.4亿元 同比增加9.7%""",1,31,2024
"""这三天跌幅过小，明天补跌""",1,31,2024
"""贵公司2023年度预计能实现净利润6.5到7个亿，增长这么多原因是什么""",1,31,2024
"""贵公司2023年度幕墙订单170多亿，同比增长21%，增长这么多原因是什么""",1,31,2024
"""江河集团2023年新增订单总量稳居行业内榜首 幕墙系统同比增加21%""",1,31,2024
"""请问贵公司截至到2024年1月31日股东人数是多少，谢谢""",2,19,2024
"""江河集团：融资净偿还23.84万元，融资余额1.54亿元（01-30）""",1,31,2024
"""江河集团01月30日获沪股通增持43.84万股""",1,31,2024
"""拐点确定！业绩即将爆发！""",1,30,2024
"""江河集团:江河集团关于2023年度主要经营数据的公告""",1,30,2024
"""半年看到12""",1,30,2024
"""太弱了，昨天的低点都不敢摸一下，要往下走补跌了""",1,30,2024
"""弱""",1,30,2024
"""夜观星象，紫气东来，今日有大阳！！！""",1,30,2024
"""江河集团：融资净买入140.56万元，融资余额1.54亿元（01-29）""",1,30,2024
"""江河集团01月29日被沪股通减持54.02万股""",1,30,2024
"""股市的股票好坏要看公司效益，和成长价值，这股价位收益不次于高价股。""",1,29,2024
"""难怪强势，每股收益0.35元，才6元多的股价，还效益好。""",1,29,2024
"""这货这么强势""",1,29,2024
"""请问公司位于湖北的异型光伏组件基地如果全部投产年产值有多少？年净利润有多少？目前""",2,19,2024
"""请问公司未来是否会与天威股份，隆基绿能等头部光伏企业进行股权深度绑定大力发展光伏""",2,19,2024
"""这么多大托单？""",1,29,2024
"""江河集团本周融资净偿还1174.44万元，居装修装饰板块第四""",1,28,2024
"""江河集团本周沪股通持股市值增加2974.74万元，居装修装饰板块第二""",1,28,2024
"""江河集团：连续3日融资净偿还累计1662.44万元（01-26）""",1,27,2024
"""江河集团01月26日获沪股通增持173.84万股""",1,27,2024
"""三十六计走为上计""",1,26,2024
"""拜拜""",1,26,2024
"""撤了撤了""",1,26,2024
"""你业绩那么好，不再拉几个涨停？""",1,26,2024
"""江河集团：融资净偿还18.14万元，融资余额1.59亿元（01-25）""",1,26,2024
"""江河集团01月25日获沪股通增持21.09万股""",1,26,2024
"""不超跌不牛股：一月廿六日，发展民营经济""",1,25,2024
"""上面套牢盘已经放弃了就等主力拉或等跌在补这里散户有耐心就是不割肉""",1,25,2024
"""洗盘而已慌个毛""",1,25,2024
"""又是这样，厉害厉害啊！不管如何，谢谢主力，挣了9个点，明天有低开还可以接回来""",1,25,2024
"""风里雨里，20等你！！""",1,25,2024
"""nima，卖了就涨""",1,25,2024
"""就为了把我洗下车？""",1,25,2024
"""没人当雷锋吗，做点好人好事，万手就够了""",1,25,2024
"""有没有万手哥做点好人好事？""",1,25,2024
"""一万手就能拉涨停""",1,25,2024
"""有没有万手大哥，来搞个涨停""",1,25,2024
"""买中字开头的股票就对了，这玩意到头了""",1,25,2024
"""利润怎么会那么高呢？四季度直接干了接近2.8亿？？？这么吓人的么，股价从上面跌下""",1,25,2024
"""昨天的大阴线不是涨停打开，就很弱了""",1,25,2024
"""这换手率，怎么出货呢""",1,25,2024
"""这业绩是啥情况？""",1,25,2024
"""江河集团：融资净偿还1020.21万元，创近一年新高（01-24）""",1,25,2024
"""转发""",1,25,2024
"""江河集团01月24日获沪股通增持300.66万股""",1,25,2024
"""央行都在囤黄金，黄金长期的投资价值高，逢低继续加黄金股ETF（517520），反""",1,24,2024
"""一年的营业收入超过200亿，市值只有七十多亿，年营业收入是市值的三倍。合理吗？""",1,24,2024
"""一个涨停就一堆人开始吹票了""",1,24,2024
"""1月24日复盘及明日个股展望""",1,24,2024
"""永远敬畏市场，相信股市""",1,24,2024
"""今天这根大绿柱挺麻烦的，看样子昨天是拉高出货了！""",1,24,2024
"""干一发""",1,24,2024
"""6.3以下大胆买进。""",1,24,2024
"""量太大了""",1,24,2024
"""会不会突然拉板呢[捂脸]""",1,24,2024
"""持股待涨""",1,24,2024
"""大三浪走起""",1,24,2024
"""两市融资余额连续6日减少，累计362.49亿元（01-23）""",1,24,2024
"""江河集团：融资净买入787.75万元，融资余额1.7亿元（01-23）""",1,24,2024
"""江河集团01月23日被沪股通减持10.49万股""",1,24,2024
"""0.54%的换手率，5笔10000手直接封板。说明什么""",1,23,2024
"""大江大河之岁月如歌""",1,23,2024
"""市场上，80%的散户都是纯赌徒，消息一出来了，也不去查，就知道瞎猜，去天眼查看看""",1,23,2024
"""业绩骄人，一字板牛！""",1,23,2024
"""这票什么利好，一字板！要说增涨，他也排不上号呀！""",1,23,2024
"""江河集团：预计2023年净利润同比增长约33%到43%""",1,23,2024
"""周二均笔成交量监控：江河集团受到大资金关注[24/01/23]""",1,23,2024
"""中信证券维持江河集团买入评级 目标价8元""",1,23,2024
"""江龙船艇""",1,23,2024
"""江河集团等于合肥成立医疗科技发展公司""",1,23,2024
"""保密工作做得很好！""",1,23,2024
"""扣除非经常性损益后的净利 润约 6.5 亿元到 7 亿元，同比增长约 128%到""",1,23,2024
"""中泰证券维持江河集团买入评级 预计2023年净利润同比增长39.24%""",1,23,2024
"""6.4又接回来的，以为又亏麻了这一波，还有反转""",1,23,2024
"""2023Q4业绩高增，BIPV打开成长空间""",1,23,2024
"""江河集团：预计2023年实现扣非净利润6.5亿元-7亿元 同比增长约128%-146%""",1,23,2024
"""这个涨停板说明了什么？？说明着急了，年底压力太大了，邀请了游资来闹一波""",1,23,2024
"""2023年净利润增长33.00%—43.00% 江河集团涨停""",1,23,2024
"""业绩这么好，股价又是低位，不涨停才是这个市场有病！而且业绩好在主营业务，又不是啥""",1,23,2024
"""不到0.2%的换手涨停，筹码稳固，风里雨里，20等你""",1,23,2024
"""几百万涨停""",1,23,2024
"""风里雨里，20等你""",1,23,2024
"""江河集团预计2023年扣非净利同比增长约128%到146%证券日报""",1,23,2024
"""卖出[鼓掌][加油][微笑][鼓掌]""",1,23,2024
"""今天看来是铁了心要涨停了，不错，为主力基金点赞！加油！""",1,23,2024
"""江字股票大涨。""",1,23,2024
"""江河集团：融资净偿还299.75万元，融资余额1.62亿元（01-22）""",1,23,2024
"""江河集团01月22日被沪股通减持36.6万股""",1,23,2024
"""仔旺业绩预增在目前大环境不管用的，必须出大招中清能光伏电站重组到江河。""",1,22,2024
"""Q4利润环比增加125%~166%。刘总牛！""",1,22,2024
"""江河集团预计2023年扣非净利同比增长约128%到146%""",1,22,2024
"""江河集团：2023年净利润同比预增33%-43%""",1,22,2024
"""江河集团(601886.SH)：2023年年度净利预增约33%到43%""",1,22,2024
"""江河集团：预计2023年净利润同比增长33%至43%""",1,22,2024
"""江河集团(601886.SH)发预增，预计2023年度净利润约6.5亿元到7亿元，同比增约33%到43%""",1,22,2024
"""经营拐点出现！浅谈业绩预增公告的一些看法！今日江河出了业绩预增公告预增128%超""",1,22,2024
"""好，刘载望质押的股份要爆仓了。希望明天在深砸一下，打爆刘载望的质押仓位。""",1,22,2024
"""江河集团：预计2023年归母净利润约6.5亿元-7亿元 同比增约33%-43%""",1,22,2024
"""江河集团：预计2023年净利润同比增长33%至43%""",1,22,2024
"""江河集团：预计23年年度归母净利润同比增长33.00%至43.00%""",1,22,2024
"""2023年年度实现净利 润约 6.5 亿元""",1,22,2024
"""江河集团:江河集团2023年年度业绩预增公告""",1,22,2024
"""江河集团股价创逾19个月新低""",1,22,2024
"""这股无人问津了交易额才几百万""",1,22,2024
"""江河集团本周融资净买入448.71万元，居装修装饰板块第一""",1,21,2024
"""江河集团本周沪股通持股市值减少334.84万元，居装修装饰板块第三""",1,21,2024
"""5.5只能大跌一次才能反转""",1,21,2024
"""江河集团：连续4日融资净买入累计480.18万元（01-19）""",1,20,2024
"""江河集团01月19日被沪股通减持44.92万股""",1,20,2024
"""江河集团:江河集团2024年第一次临时股东大会法律意见""",1,19,2024
"""江河集团:江河集团股东大会议事规则""",1,19,2024
"""江河集团:江河集团2024年第一次临时股东大会决议公告""",1,19,2024
"""江河集团:江河集团关联交易决策制度""",1,19,2024
"""江河集团:江河集团公司章程""",1,19,2024
"""江河集团:江河集团独立董事工作细则""",1,19,2024
"""江河集团:江河集团董事会议事规则""",1,19,2024
"""江河集团:江河集团非日常经营交易事项决策制度""",1,19,2024
"""僵尸股什么都不跟，装修和光伏都都不跟，大跌时候一次不少""",1,19,2024
"""成僵尸股了，几百万的成交量""",1,19,2024
"""江河集团：连续3日融资净买入累计283.63万元（01-18）""",1,19,2024
"""江河集团01月18日被沪股通减持17.14万股""",1,19,2024
"""不红就有问题""",1,18,2024
"""风里雨里，20等你，[奸笑][奸笑]""",1,18,2024
"""股价下跌，公司质押股票有无爆仓风险""",1,31,2024
"""江河集团：融资净买入178.4万元，融资余额1.62亿元（01-17）""",1,18,2024
"""江河集团01月17日被沪股通减持13.02万股""",1,18,2024
"""请问公司光伏幕墙占的比例是多少，国内光伏幕墙是否已有大额订单？""",1,31,2024
"""江河集团：融资净买入30.76万元，融资余额1.6亿元（01-16）""",1,17,2024
"""江河集团01月16日获沪股通增持16.89万股""",1,17,2024
"""江河集团：融资净偿还31.47万元，融资余额1.6亿元（01-15）""",1,16,2024
"""留下的发财，这货涨不起来，不耗了。""",1,15,2024
"""江河集团本周融资净偿还856.47万元，居装修装饰板块第一""",1,14,2024
"""江河集团本周沪股通持股市值增加991.96万元，居装修装饰板块第一""",1,14,2024
"""江河集团：融资净买入9.57万元，融资余额1.6亿元（01-12）""",1,13,2024
"""江河集团01月12日获沪股通增持28.14万股""",1,13,2024
"""江河集团：融资净买入109.41万元，融资余额1.6亿元（01-11）""",1,12,2024
"""江河集团01月11日获沪股通增持9.7万股""",1,12,2024
"""请问贵公司分红率怎么样？最近几年股息率如何？今年是否有分红计划？""",1,11,2024
"""江河炒股集团4.5元顶天""",1,11,2024
"""6.30以下，卖房买入，保证半年回你两套房。""",1,11,2024
"""买入信号好""",1,11,2024
"""江河集团：连续3日融资净偿还累计975.45万元（01-10）""",1,11,2024
"""江河集团01月10日获沪股通增持62.52万股""",1,11,2024
"""5.5以下才能止跌""",1,10,2024
"""江河集团(601886.SH)：截至12月29日收盘，公司在册股东户数为19744""",1,10,2024
"""江河集团(601886.SH)：截止目前公司异型组件生产基地有持续的订单在生产""",1,10,2024
"""江河集团：截止目前公司异型组件生产基地有持续的订单在生产 有持续的排产计划""",1,10,2024
"""江河集团：截止目前，公司异型组件生产基地有持续的订单在生产""",1,10,2024
"""江河集团：公司认为2024年是BIPV行业快速发展的一年 会有较多订单出现""",1,10,2024
"""江河集团股东户数增加11.98%，户均持股38.22万元""",1,10,2024
"""这个股票可以全仓入了""",1,10,2024
"""江河集团：融资净偿还752.82万元，融资余额1.61亿元（01-09）""",1,10,2024
"""江河集团01月09日获沪股通增持34.37万股""",1,10,2024
"""6.3最理想买入价位""",1,9,2024
"""江河集团：融资净偿还37.57万元，融资余额1.68亿元（01-08）""",1,9,2024
"""江河集团01月08日获沪股通增持20.7万股""",1,9,2024
"""江河集团：黄敏辞去副总经理职务""",1,8,2024
"""江河集团:江河集团关于高级管理人员辞任的公告""",1,8,2024
"""大面积停建，只装修""",1,8,2024
"""转发""",1,8,2024
"""连跌六个月怎么玩啊？""",1,8,2024
"""江河集团本周融资净买入102.66万元，居装修装饰板块第一""",1,7,2024
"""江河集团本周沪股通持股市值减少54.95万元，居装修装饰板块第二""",1,7,2024
"""江河集团：连续3日融资净买入累计139.23万元（01-05）""",1,6,2024
"""江河集团01月05日被沪股通减持9.82万股""",1,6,2024
"""大无语，连跌六个月，业绩造假吧""",1,5,2024
"""连跌六个月了！好惨""",1,5,2024
"""江河集团：融资净买入74.53万元，融资余额1.69亿元（01-04）""",1,5,2024
"""江河集团01月04日获沪股通增持8.66万股""",1,5,2024
"""这个吧没人？""",1,4,2024
"""6.3可以入手。""",1,4,2024
"""江河集团：融资净买入49.57万元，融资余额1.68亿元（01-03）""",1,4,2024
"""江河集团01月03日被沪股通减持13.33万股""",1,4,2024
"""连跌五个月，跌了三十点！什么时候能回本啊""",1,3,2024
"""涨停才有资金追，因为市场短线资金寻龙头战法，否则扯蛋""",1,3,2024
"""这走势，应该能来几波涨停板了！""",1,3,2024
"""江河集团：融资净偿还36.57万元，融资余额1.67亿元（01-02）""",1,3,2024
"""江河集团01月02日获沪股通增持6.43万股""",1,3,2024
"""请问截止十二月三十一日公司股东人数是多少？谢谢""",1,10,2024
"""请问目前公司在湖北的异形光伏组件的基地订单是否饱满？工厂是否满负苛运行？谢谢！""",1,10,2024
"""2024年即将到来，请问公司对2024的光伏幕墙有何预测，以及在新的一年里对光伏""",1,10,2024
"""请问公司目前公司在海外的光伏幕墙业务进展是否顺利？谢谢""",1,10,2024
"""好牛逼的板块，新高了""",1,2,2024
"""月揉搓，加油！""",1,1,2024
"""东方财富APP搜“年账单”，解锁你的2023年投资成就~""",12,30,2023
"""东方财富APP搜“年账单”，解锁你的2023年投资成就~""",12,30,2023
"""东方财富APP搜“年账单”，解锁你的2023年投资成就~""",12,29,2023
"""东方财富APP搜“年账单”，解锁你的2023年投资成就~""",12,29,2023
"""6.66卖了，下周有机会接回来吗""",12,29,2023
"""七月份顶部下来，筑底今天突破趋势首次过30天线。筑底成功概率提高了。""",12,29,2023
"""留下的发财""",12,29,2023
"""等回调了看你能冲到哪里""",12,29,2023
"""哦豁卖飞""",12,29,2023
"""江河集团：融资净买入265.96万元，融资余额1.7亿元（12-28）""",12,29,2023
"""江河集团12月28日被沪股通减持24.71万股""",12,29,2023
"""注意！江河集团将于2024年1月19日召开股东大会""",12,28,2023
"""江河集团：12月28日召开董事会会议""",12,28,2023
"""江河集团:江河集团公司章程(草案)""",12,28,2023
"""江河集团:江河集团独立董事专门会议工作细则""",12,28,2023
"""江河集团:江河集团第六届董事会第十三次会议决议公告""",12,28,2023
"""江河集团:江河集团董事会审计委员会工作规程""",12,28,2023
"""江河集团:江河集团关于修改《公司章程》的公告""",12,28,2023
"""江河集团:江河集团董事会提名委员会工作规程""",12,28,2023
"""江河集团:江河集团董事会薪酬与考核委员会工作规程""",12,28,2023
"""江河集团:江河集团董事会战略委员会工作规程""",12,28,2023
"""江河集团:江河集团关于召开2024年第一次临时股东大会通知的公告""",12,28,2023
"""江河集团:江河集团2024年第一次临时股东大会议案""",12,28,2023
"""差几个涨停""",12,28,2023
"""大单114万什么抄底的""",12,28,2023
"""江河卖光？快，长期一字横洗盘必拉，参照银座股份一样横盘.连续5天收盘价玩大宗交易""",12,28,2023
"""风里雨里，20等你！[呲牙]""",12,28,2023
"""江河集团12月28日盘中涨幅达5%""",12,28,2023
"""操，6.28和6.31走的""",12,28,2023
"""江河集团12月28日快速回调""",12,28,2023
"""江河集团：融资净偿还65.42万元，融资余额1.67亿元（12-27）""",12,28,2023
"""江河集团12月27日被沪股通减持13.95万股""",12,28,2023
"""3个月了，看日线绿油油""",12,27,2023
"""江河炒股集团预计持续下跌3元左右稳起、""",12,27,2023
"""下来吧，你不配涨""",12,27,2023
"""风里雨里3块钱等你，加油跌起来崽旺，""",12,27,2023
"""江河集团：融资净买入9.31万元，融资余额1.68亿元（12-26）""",12,27,2023
"""江河集团股价创近1年半新低""",12,26,2023
"""风里雨里，20等你，[捂脸][捂脸]""",12,26,2023
"""好吧跌到6块我割肉""",12,26,2023
"""公司的股票为啥每天都稳定的跌，质押有没有爆仓风险，承接的恒大项目今年还有多少要计""",12,29,2023
"""江河炒股集团股价这次要到4元以下！大家拭目以待！预计3.5元左右，""",12,26,2023
"""只会跌，不会涨，要st了么？公司没钱总部还搬新公司，自由落体""",12,26,2023
"""江河，江河啊？完完了""",12,26,2023
"""老朋友今天回来了，光伏涨，你没有道理不涨！再跌也跌不到哪里去""",12,26,2023
"""江河集团：融资净偿还47.54万元，融资余额1.68亿元（12-25）""",12,26,2023
"""快吐了，真快吐了""",12,25,2023
"""[滴汗]有种跌到1块我70w不多不少跟你耗死""",12,25,2023
"""国联证券：建议重点围绕供给新变化和产业新趋势两视角投资建材业 建议关注江河集团(601886.SH)等""",12,25,2023
"""[快哭了]""",12,25,2023
"""江河集团本周融资净买入267.18万元，居装修装饰板块第四""",12,24,2023
"""江河集团本周沪股通持股市值减少723.45万元，居装修装饰板块第三""",12,24,2023
"""江河集团：融资净偿还61.26万元，融资余额1.68亿元（12-22）""",12,23,2023
"""江河集团12月22日被沪股通减持31.57万股""",12,23,2023
"""江河集团:江河集团2023年第二次临时股东大会决议公告""",12,22,2023
"""江河集团:北京市天元律师事务所关于江河集团2023年第二次临时股东大会法律意见""",12,22,2023
"""江河集团股价连续2日创近1年半新低""",12,22,2023
"""江河集团：连续7日融资净买入累计586.13万元（12-21）""",12,22,2023
"""江河集团12月21日获沪股通增持24.71万股""",12,22,2023
"""江河集团股价创近1年半新低""",12,21,2023
"""仔望你会不会也来个财务造假案""",12,21,2023
"""稳定""",12,21,2023
"""以前看股市都是关注K线、财报啥的，最近几年企业社会责任和ESG表现的相关话题热度""",12,29,2023
"""江河集团：连续6日融资净买入累计498.92万元（12-20）""",12,21,2023
"""江河集团：江河源持有的公司股份已累计质押约1.52亿股""",12,20,2023
"""江河集团:江河集团关于大股东进行部分股份质押及解质押公告""",12,20,2023
"""江河集团：连续5日融资净买入累计471.76万元（12-19）""",12,20,2023
"""先出来，静待新低企稳再进场吧""",12,19,2023
"""江河集团：连续4日融资净买入累计460.77万元（12-18）""",12,19,2023
"""江河集团12月18日被沪股通减持99.34万股""",12,19,2023
"""再等两天可以加仓干了""",12,18,2023
"""江河集团本周融资净买入327.77万元，居装修装饰板块第二""",12,17,2023
"""江河集团本周沪股通持股市值减少8.67万元，居装修装饰板块第二""",12,17,2023
"""江河集团：连续3日融资净买入累计257.69万元（12-15）""",12,16,2023
"""江河集团12月15日获沪股通增持28.24万股""",12,16,2023
"""名字起得不好""",12,15,2023
"""又要探底了早上做t了无法止损还剩一个点收益""",12,15,2023
"""涨的时候扭扭捏捏，跌的时候真是大江大河，脸都不要""",12,15,2023
"""江河集团：融资净买入24.37万元，融资余额1.64亿元（12-14）""",12,15,2023
"""江河集团12月14日获沪股通增持28.17万股""",12,15,2023
"""江河集团：融资净买入104.38万元，融资余额1.64亿元（12-13）""",12,14,2023
"""江河集团：融资净偿还118.37万元，融资余额1.63亿元（12-12）""",12,13,2023
"""江河集团12月12日被沪股通减持29.66万股""",12,13,2023
"""6.41入了4万股""",12,12,2023
"""实际流通市值才区区19亿。游资分分钟拉起来""",12,12,2023
"""下半年是装配行业的黄金时期，板块一骑绝尘。江河可惜了……""",12,12,2023
"""明确的说，这是在为第四浪杀造势，切莫盲目""",12,12,2023
"""江河最少二十几块股价""",12,12,2023
"""光伏内卷，江河崛起""",12,12,2023
"""江河集团：连续4日融资净买入累计321.04万元（12-11）""",12,12,2023
"""江河集团12月11日被沪股通减持27.72万股""",12,12,2023
"""$江河集团(SH601886)$""",12,11,2023
"""江河集团股价连续4日创近1年半新低""",12,11,2023
"""江河集团人气较昨日提升2258 现居飙升榜第20""",12,11,2023
"""这么硬？""",12,11,2023
"""江河集团本周融资净买入131.28万元，居装修装饰板块第二""",12,10,2023
"""江河集团本周沪股通持股市值增加588.29万元，居装修装饰板块第二""",12,10,2023
"""江河集团：连续3日融资净买入累计132.59万元（12-08）""",12,9,2023
"""江河集团12月08日获沪股通增持13.77万股""",12,9,2023
"""江河集团601886……隔壁中国中免601888，从股票编号来看，真是亲兄弟啊，""",12,8,2023
"""公司黄了吧""",12,8,2023
"""江河，支棱一下，我骆玉珠""",12,8,2023
"""喝够了，同志们一路顺风""",12,8,2023
"""怎么天天跌，没一点反弹机会""",12,8,2023
"""真不能留，走了。""",12,8,2023
"""卖公司啦""",12,8,2023
"""江河集团：融资净买入50.86万元，融资余额1.62亿元（12-07）""",12,8,2023
"""江河集团12月07日获沪股通增持29.42万股""",12,8,2023
"""江河炒股集团集团这次要到4.53元以下了、""",12,7,2023
"""江河集团股价连续2日创近1年半新低""",12,7,2023
"""完了，要跌破5元了""",12,7,2023
"""有点骂不动了，哎！东西""",12,7,2023
"""江河集团：融资净买入56.17万元，融资余额1.62亿元（12-06）""",12,7,2023
"""江河集团12月06日获沪股通增持43.15万股""",12,7,2023
"""江河集团：12月6日召开董事会会议""",12,6,2023
"""注意！江河集团将于12月22日召开股东大会""",12,6,2023
"""江河集团:江河集团第六届监事会第十一次会议决议公告""",12,6,2023
"""江河集团:江河集团第六届董事会第十二次会议决议公告""",12,6,2023
"""江河集团:江河集团2023年第二次临时股东大会议案""",12,6,2023
"""江河集团:江河集团关于召开2023年第二次临时股东大会通知的公告""",12,6,2023
"""江河集团:江河集团关于全资子公司与公司大股东签订股权转让协议之补充协议的公告""",12,6,2023
"""江河集团:江河集团独立董事关于全资子公司与公司大股东签订股权转让协议之补充协议的事前认可意""",12,6,2023
"""江河集团:江河集团独立董事关于全资子公司与公司大股东签订股权转让协议之补充协议的独立意见""",12,6,2023
"""江河集团股价创近1年半新低""",12,6,2023
"""江河炒股集团，风里雨里5元里等你""",12,6,2023
""".真垃圾，毛都不长""",12,6,2023
"""那年，我双手插兜，仍看不见对手，[捂脸][捂脸]""",12,6,2023
"""15年开始买这票子，一直都有关注，就三季报的业绩不该是这走势，年关将至，当心暴雷""",12,6,2023
"""江河集团：融资净偿还10.6万元，融资余额1.61亿元（12-05）""",12,6,2023
"""江河集团12月05日获沪股通增持6.99万股""",12,6,2023
"""九月到十一月二个月就跌二元多，沪股通天天减持，刘总二次股票质押，江河今非昔比也太""",12,5,2023
"""江河集团：融资净买入9.29万元，融资余额1.61亿元（12-04）""",12,5,2023
"""根据头尖顶理论计算要跌到5.00左右""",12,4,2023
"""江河集团本周融资净偿还5.23万元，居装修装饰板块第二""",12,3,2023
"""江河集团本周沪股通持股市值减少259.8万元，居装修装饰板块第三""",12,3,2023
"""质圧也能被借去融券吧？炒个股赚钱太难了""",12,2,2023
"""江河集团：融资净偿还10.55万元，融资余额1.61亿元（12-01）""",12,2,2023
"""江河集团12月01日被沪股通减持7.58万股""",12,2,2023
"""江河集团：实际控制人刘载望累计质押约1.38亿股""",12,1,2023
"""江河集团:江河集团关于实际控制人进行部分股份解质押及质押公告""",12,1,2023
"""非常有规律，每天见一点红，下跌""",12,1,2023
"""僵尸股。""",12,1,2023
"""江河集团：融资净买入116.71万元，融资余额1.61亿元（11-30）""",12,1,2023
"""江河集团11月30日获沪股通增持9.6万股""",12,1,2023
"""董秘，你给问问董事长，能否提议高管回购点股票，维护公司形象和全体股东利益嘛""",12,5,2023
"""集合竞价总是没人参与！""",11,30,2023
"""停牌了？咋没人集合竞价呢？""",11,29,2023
"""江河集团：融资净偿还39.43万元，融资余额1.6亿元（11-28）""",11,29,2023
"""从低点上来，两市涨幅排名第二，最牛的板块！""",11,28,2023
"""江河集团11月27日被沪股通减持41.71万股""",11,28,2023
"""江河集团：融资净偿还98.14万元，融资余额1.6亿元（11-27）""",11,28,2023
"""订单350亿？""",11,27,2023
"""江河集团2023年第三季度业绩说明会""",11,27,2023
"""这个位置无非就是等没有必要折腾了""",11,27,2023
"""江河集团本周融资净偿还269.23万元，居装修装饰板块第二""",11,26,2023
"""江河集团本周沪股通持股市值增加526.31万元，居装修装饰板块第二""",11,26,2023
"""江河集团11月24日被沪股通减持21.56万股""",11,25,2023
"""江河集团：融资净买入15.66万元，融资余额1.61亿元（11-24）""",11,25,2023
"""等你好久了，只差一根确立涨。。。""",11,24,2023
"""就这换手想涨？我呵呵""",11,24,2023
"""江河集团11月23日获沪股通增持53.38万股""",11,24,2023
"""没啥希望了，越跌散户越多""",11,24,2023
"""江河集团：融资净买入79.77万元，融资余额1.61亿元（11-23）""",11,24,2023
"""江河集团11月22日被沪股通减持20.84万股""",11,23,2023
"""今天要是不红这个股就废了""",11,23,2023
"""人才啊""",11,23,2023
"""江河集团：融资净偿还11.6万元，融资余额1.6亿元（11-22）""",11,23,2023
"""等待跌到6.66再补仓！""",11,22,2023
"""$7.5左右是它的归宿！""",11,22,2023
"""我真是呢，买这个垃圾。""",11,22,2023
"""牛B的板块，垃圾主力""",11,22,2023
"""江河集团：融资净买入186.57万元，融资余额1.61亿元（11-21）""",11,22,2023
"""……""",11,21,2023
"""江河集团：融资净偿还539.63万元，融资余额1.59亿元（11-20）""",11,21,2023
"""板块牛B，创新高了，公司垃圾，摸老底了""",11,20,2023
"""江河集团本周融资净偿还530.42万元，居装修装饰板块第三""",11,19,2023
"""江河集团本周沪股通持股市值增加960.43万元，居装修装饰板块第一""",11,19,2023
"""这条走势线充分说明了水往低处流！[大笑]""",11,18,2023
"""江河集团：融资净偿还480.32万元，融资余额1.64亿元（11-17）""",11,18,2023
"""能接这种项目的意义不只是一个酒店，懂得自然懂""",11,17,2023
"""研报解读-江河集团(601886)：BIPV转型打开幕墙龙头弹性空间""",11,17,2023
"""老乡们，别老我一个人护盘，你们也要买点啊，20见的啊，[笑哭][笑哭]""",11,17,2023
"""牛逼了，两市就属你最吊""",11,17,2023
"""今天的经济形势，地产，设计院，建筑公司，内外装饰，最后是材料商。负债高的什么结果""",11,17,2023
"""东北证券维持江河集团买入评级 预计2023年净利润同比增长32.09%""",11,17,2023
"""研报解读-江河集团(601886)：BIPV转型打开幕墙龙头弹性空间""",11,17,2023
"""江河集团：融资净买入86.71万元，融资余额1.69亿元（11-16）""",11,17,2023
"""向中装建设的主力庄家致敬！""",11,16,2023
"""港澳幕墙行业谁是老大谁是龙头""",11,16,2023
"""江河集团11月15日获沪股通增持45.96万股""",11,16,2023
"""江河集团：融资净偿还85.45万元，融资余额1.68亿元（11-15）""",11,16,2023
"""时间换空间，慢慢等突破吧""",11,16,2023
"""江河集团11月14日获沪股通增持35.94万股""",11,15,2023
"""少，现在少所以后市有望高速发展，看未来，买江河，博大涨""",11,15,2023
"""江河集团：融资净买入94.09万元，融资余额1.69亿元（11-14）""",11,15,2023
"""老夫今年69了，不愧为老年人玩的破股""",11,14,2023
"""我t飞啦！[哭][哭][哭]明天涨停""",11,14,2023
"""明天不涨5个点就是失败[呲牙][呲牙][呲牙]""",11,14,2023
"""江河集团：融资净偿还145.44万元，融资余额1.68亿元（11-13）""",11,14,2023
"""江河集团：公司BIPV订单及异型组件的销售占公司的份额还很小""",11,13,2023
"""尊敬的董秘，光伏组件持续跌价，为何公司营业成本没有明显下降？请问公司光伏幕墙的成""",11,17,2023
"""崽旺崽旺""",11,13,2023
"""上方乌云压顶，7元一带长时间盘底吧。""",11,13,2023
"""江河集团本周融资净买入960.18万元，居装修装饰板块第二""",11,12,2023
"""江河集团本周沪股通持股市值减少436.5万元，居装修装饰板块第二""",11,12,2023
"""江河集团11月10日被沪股通减持6.31万股""",11,11,2023
"""转发""",11,11,2023
"""江河集团：连续3日融资净买入累计968.58万元（11-10）""",11,11,2023
"""大宗交易：江河集团成交3707.6万元，成交均价7.13元（11-10）""",11,10,2023
"""江河光伏定制化建筑光伏组件产品，以差异化和个性化定制等特点，成功解决了光伏建筑设""",11,10,2023
"""拙劣的庄家，操盘者还是个雏。""",11,10,2023
"""江河集团11月09日获沪股通增持9.63万股""",11,10,2023
"""江河集团11月08日获沪股通增持2.76万股""",11,9,2023
"""江河集团：融资净买入63.92万元，融资余额1.67亿元（11-08）""",11,9,2023
"""两天高开回踩不破低点上车机会""",11,9,2023
"""今天表现还行，以盘待跌我今天加了20手[呲牙][呲牙][呲牙]""",11,8,2023
"""八元的本今年会回不""",11,8,2023
"""江河集团11月07日被沪股通减持86.52万股""",11,8,2023
"""江河集团：融资净买入795.39万元，融资余额1.67亿元（11-07）""",11,8,2023
"""昏倒，被庄托忽悠了[哼]""",11,7,2023
"""今天要涨停吗？""",11,7,2023
"""江河集团11月06日获沪股通增持20.42万股""",11,7,2023
"""江河集团：融资净偿还8.4万元，融资余额1.59亿元（11-06）""",11,7,2023
"""晕""",11,6,2023
"""尊敬的董秘，按光伏行业的特点，光伏幕墙龙头只会在中国，江河幕墙在国内遥遥领先，未""",11,13,2023
"""121股获券商买入评级，江河集团目标涨幅达62.04%""",11,6,2023
"""尊敬的董秘，常规光伏组件已跌破1元/W，不知常规组件的价格对公司异型组件的售价有""",11,13,2023
"""黎明前的黑暗""",11,6,2023
"""目前多晶硅料和硅片价格均出现大幅下跌接近成本价，请问，公司光伏幕墙中的光伏系统主""",11,13,2023
"""121股获券商买入评级，江河集团目标涨幅达62.04%""",11,6,2023
"""121股获券商买入评级，江河集团目标涨幅达62.04%""",11,6,2023
"""23Q3扣非净利亮眼，BIPV发展按下加速键研报日期：2023-11-04江河集""",11,6,2023
"""江河集团本周融资净买入861.79万元，居装修装饰板块第二""",11,5,2023
"""江河集团本周沪股通持股市值减少932.92万元，居装修装饰板块第二""",11,5,2023
"""华西证券维持江河集团买入评级 预计2023年净利润同比增长29.34%""",11,5,2023
"""江河集团11月03日获沪股通增持34.06万股""",11,4,2023
"""江河集团：融资净偿还42.19万元，融资余额1.59亿元（11-03）""",11,4,2023
"""太差劲了""",11,3,2023
"""便宜有好货！周五监测到机构看好低价股50支[23/11/03]""",11,3,2023
"""国泰君安维持江河集团增持评级 目标价10.97元""",11,3,2023
"""一条斜率为负的直线""",11,3,2023
"""23Q3扣非净利亮眼，BIPV发展按下加速键研报日期：2023-11-04江河集""",11,3,2023
"""这票为什么那么多一手一手的买卖单？哪位专家解释一下""",11,3,2023
"""考虑是不是买回这个…""",11,3,2023
"""请问公司已计提的恒大17亿元债务，公司是否正在利用法律手段进行追讨？或者是放弃了""",11,13,2023
"""江河集团11月02日获沪股通增持1.62万股""",11,3,2023
"""江河集团：融资净买入37.54万元，融资余额1.59亿元（11-02）""",11,3,2023
"""坚定持有！等待光伏建筑拐点的到来[拳头]基本面，公司基本面良好是全球幕墙龙头，目""",11,2,2023
"""这是什么股票，买了倒霉死了""",11,2,2023
"""公司股价很快就要跌破净资产了，为什么不进行回购？目前很多有良心的公司都在积极回购""",11,13,2023
"""垃圾股票连续几天低开低走""",11,2,2023
"""流动性太差了""",11,2,2023
"""江河每天被沪股通减持，每天下跌，造成股民大幅减少，如此不好好拿出应对措施，让股民""",11,2,2023
"""一两分都做T，散户能赚钱才怪""",11,2,2023
"""都是散户在买卖，不会涨的""",11,2,2023
"""财通证券首次给予江河集团增持评级 预计2023年净利润同比增长7.84%""",11,2,2023
"""垃圾股票""",11,2,2023
"""江河炒股集团第一目标预计击穿6元，不到迟施一斤、""",11,2,2023
"""逢研报必跌！""",11,2,2023
"""今天均价之上就吃进。""",11,2,2023
"""你有本事跌倒5块钱，我全仓买入""",11,2,2023
"""什么情况？要跌哪里啊""",11,2,2023
"""，天天资金外逃""",11,2,2023
"""尊敬的董秘，光伏组件持续跌价，为何公司营业成本没有明显下降？请问公司光伏幕墙的成""",11,13,2023
"""江河集团11月01日被沪股通减持24.4万股""",11,2,2023
"""江河集团：融资净偿还81.97万元，融资余额1.59亿元（11-01）""",11,2,2023
"""业绩符合预期，BIPV幕墙稳步发展""",11,1,2023
"""江河集团主力在这个位置任然看空""",11,1,2023
"""我卖可以打到6.7""",11,1,2023
"""江河集团10月31日被沪股通减持171.9万股""",11,1,2023
"""江河炒股集团这次预计到4.5元左右稳起、""",11,1,2023
"""拿钱买吃""",11,1,2023
"""赖死不活的样子，没点股票样！闪了，估计就缺我这几十手[惊吓]""",11,1,2023
"""江河集团：连续5日融资净买入累计1391.07万元（10-31）""",11,1,2023
"""江河集团：前三季度营收、扣非后净利润实现双增长""",10,31,2023
"""垃圾""",10,31,2023
"""江河集团前三季度经营业绩稳步提升 BIPV订单强劲增长""",10,31,2023
"""眼科但凡有点名气也不致于跌出这熊样""",10,31,2023
"""昨天抄底的今天割肉，今天抄底的明天割肉，这股没法玩了，放量赶底，千万别满仓""",10,31,2023
"""到目前为止底部加仓，加了几次仓了，你还可以再跌几天，跌出个大底来，我好准备资金加""",10,31,2023
"""10大股东都在跑你们也敢买""",10,31,2023
"""人家融券做空赚钱""",10,31,2023
"""江河集团10月30日获沪股通增持24.45万股""",10,31,2023
"""江河集团：连续4日融资净买入累计963.35万元（10-30）""",10,31,2023
"""放量表示接近底部，再跌建仓。""",10,31,2023
"""放量下跌必反弹""",10,30,2023
"""江河集团(601886.SH)：前三季度净利润3.99亿元，同比下降11.29%""",10,30,2023
"""江河集团(601886.SH)发布前三季度业绩，净利润3.99亿元，同比下降11.29%""",10,30,2023
"""业绩还可以，前三季度同比还是增长的。""",10,30,2023
"""看不懂，东方财富与同花顺对江河集团资金进去差异。""",10,30,2023
"""江河集团前三季度扣非净利润3.86亿元 同比增长36.55%""",10,30,2023
"""今天这阵式都没命的割肉……还以为有大天的雷呢？折腾了一天三季报露脸了才同比净利润""",10,30,2023
"""江河集团股东户数下降3.07%，户均持股49.55万元""",10,30,2023
"""江河集团：2023年前三季度净利润同比下降11.29%""",10,30,2023
"""江河集团:江河集团关于2023年前三季度主要经营数据的公告""",10,30,2023
"""江河集团:江河集团2023年第三季度报告""",10,30,2023
"""江河集团:江河集团关于召开2023年第三季度业绩说明会的公告""",10,30,2023
"""江河炒股集团今晚不是有雷，而是有炸弹、""",10,30,2023
"""江河炒股集团5.5不是梦，下跌趋势不变、""",10,30,2023
"""是不是明天有雷要爆""",10,30,2023
"""比热门股都跌的多，还好跑得快[笑哭]""",10,30,2023
"""这孙子彻底完犊子了，去年一年赚的都让这货割韭菜割完了[捂脸]""",10,30,2023
"""这样搞，我是没话说了，只能祝你们不孕不育儿孙满堂，春意盎然[鼓掌][鼓掌][鼓掌""",10,30,2023
"""风里雨里，20等你[笑哭][笑哭]""",10,30,2023
"""早说过需要一根长阴线，才可以关注。""",10,30,2023
"""8元一带大量套牢盘。""",10,30,2023
"""今晚三季报。""",10,30,2023
"""奶奶的，板块涨这么好，它还趴着""",10,30,2023
"""这成交量吓人，几千手就能砸跌停或涨停""",10,30,2023
"""三季报业绩不行？""",10,30,2023
"""江河集团10月30日盘中跌幅达5%""",10,30,2023
"""完犊子了""",10,30,2023
"""同时发广告，三个股票都中标大单，公告之后，这几天其他两个都有涨停了，只有我选的这""",10,30,2023
"""躺平看戏""",10,30,2023
"""判断错了，上当了""",10,30,2023
"""好恶心！后悔没有早点卖""",10,30,2023
"""江河集团本周融资净偿还43.69万元，居装修装饰板块第七""",10,29,2023
"""江河集团本周沪股通持股市值减少140.88万元，居装修装饰板块第二""",10,29,2023
"""江河集团10月27日被沪股通减持3.27万股""",10,28,2023
"""江河集团：连续3日融资净买入累计442.66万元（10-27）""",10,28,2023
"""扎心了，老铁""",10,27,2023
"""江河集团是一家有实力的上市么司。幕墙，光伏建筑一体化。是绿色能源方向。看长远，这""",10,27,2023
"""江河集团10月26日被沪股通减持14.24万股""",10,27,2023
"""江河集团：融资净买入276.02万元，融资余额1.49亿元（10-26）""",10,27,2023
"""江河集团10月25日被沪股通减持3.83万股""",10,26,2023
"""江河集团：融资净买入43.18万元，融资余额1.46亿元（10-25）""",10,26,2023
"""江河集团10月24日获沪股通增持1.95万股""",10,25,2023
"""江河集团：连续3日融资净偿还累计545.29万元（10-24）""",10,25,2023
"""江河集团：全资子公司中标约1.37亿元工程项目""",10,24,2023
"""江河集团(601886.SH)：中标1.37亿元光伏建筑项目""",10,24,2023
"""江河集团(601886.SH)子公司中标1.37亿元光伏建筑项目""",10,24,2023
"""江河集团：子公司中标1.37亿元光伏建筑项目""",10,24,2023
"""江河集团： 子公司中标约1.37亿元光伏幕墙BIPV工程项目""",10,24,2023
"""江河集团:江河集团关于中标光伏建筑项目的公告""",10,24,2023
"""江河集团：目前存量幕墙已经有部分项目进入更新换代的节奏 且项目数量也呈现增长态势""",10,24,2023
"""江河集团：融资净偿还443.3万元，融资余额1.46亿元（10-23）""",10,24,2023
"""质押股份即将平仓，破6元可期。""",10,23,2023
"""这是什么情况""",10,23,2023
"""江河集团本周融资净买入64.88万元，居装修装饰板块第六""",10,22,2023
"""江河集团本周沪股通持股市值减少1144.28万元，居装修装饰板块第一""",10,22,2023
"""江河集团10月20日获沪股通增持5.66万股""",10,21,2023
"""江河集团：融资净偿还58.94万元，融资余额1.51亿元（10-20）""",10,21,2023
"""江河日下唉……""",10,21,2023
"""日k线走的好丝滑，看起来赏心悦目""",10,20,2023
"""江河集团10月19日被沪股通减持37.17万股""",10,20,2023
"""江河集团：融资净买入212.06万元，融资余额1.51亿元（10-19）""",10,20,2023
"""江河集团:江河集团关于大股东部分股份质押续期的公告""",10,19,2023
"""缺一根长阴！""",10,19,2023
"""江河集团10月18日被沪股通减持19.08万股""",10,19,2023
"""江河集团：融资净偿还281.62万元，融资余额1.49亿元（10-18）""",10,19,2023
"""公司股价持续下跌，与公司向好的基本面严重背离，形势危急！如果大股东看好公司未来的""",10,24,2023
"""顶不住了啊""",10,18,2023
"""江河集团10月17日被沪股通减持57.7万股""",10,18,2023
"""江河集团：融资净偿还30.21万元，融资余额1.52亿元（10-17）""",10,18,2023
"""业绩爆棚，又遇到重启全国棚户区改造，你都不涨？""",10,17,2023
"""江河集团10月16日被沪股通减持46.04万股""",10,17,2023
"""江河集团：融资净买入223.59万元，融资余额1.52亿元（10-16）""",10,17,2023
"""这次股价预计要到6元左右，可能更低、""",10,16,2023
"""请问幕墙的设计年限有多少？存量幕墙更新换代的市场有多大？公司在存量幕墙更新换代领""",10,24,2023
"""江河集团本周融资净买入268.49万元，居装修装饰板块第五""",10,15,2023
"""江河集团本周沪股通持股市值减少494.46万元，居装修装饰板块第二""",10,15,2023
"""江河集团10月13日被沪股通减持1.99万股""",10,14,2023
"""江河集团：融资净买入87.93万元，融资余额1.5亿元（10-13）""",10,14,2023
"""风里雨里，20等你，[奸笑][奸笑][奸笑]""",10,13,2023
"""江河集团：融资净偿还38.74万元，融资余额1.49亿元（10-12）""",10,13,2023
"""元月24号操作参考一、大盘咋日收阳，则仍不能确认是短底。虽然越跌越买收益满满，但""",10,12,2023
"""一根长阴后才能见底。""",10,12,2023
"""缩量到底了，""",10,12,2023
"""划重点----在幕墙业务大幅超越同行。在BIPV领先+超越同行""",10,12,2023
"""坐稳了，一会来个万手哥，秒拉涨停""",10,12,2023
"""江河炒股集团预计持续下跌 股价5.5元左右、""",10,12,2023
"""江河集团10月11日被沪股通减持36.08万股""",10,12,2023
"""江河光伏，遥遥领先！""",10,12,2023
"""江河集团：融资净买入256.45万元，融资余额1.5亿元（10-11）""",10,12,2023
"""江河光伏 | 用创新技术和定制化设计 赋能北京这座零碳建筑""",10,11,2023
"""江河集团10月10日被沪股通减持11.93万股""",10,11,2023
"""江河集团：融资净偿还105.99万元，融资余额1.47亿元（10-10）""",10,11,2023
"""穷鬼，没钱回购的公司！""",10,10,2023
"""江河集团10月09日被沪股通减持15.18万股""",10,10,2023
"""江河集团：融资净买入68.83万元，融资余额1.48亿元（10-09）""",10,10,2023
"""恒大利空落地，涨停""",10,9,2023
"""江河集团本周融资净偿还275.96万元，居装修装饰板块第二""",10,8,2023
"""江河集团本周沪股通持股市值减少310.29万元，居装修装饰板块第四""",10,8,2023
"""江河炒股集团5元不是梦、坐等五元、""",10,4,2023
"""以前北向资金连续今天卖出，昨天逆市加仓几百万，抄底来了，再下周股有希望了""",9,29,2023
"""江河炒股集团持续下跌，6块不是梦、""",9,28,2023
"""国庆后本人将继续减持，可能会造成股价持续下跌波动、""",9,28,2023
"""缺一根长阴！""",9,28,2023
"""江河的未来发展""",9,28,2023
"""江河集团09月27日获沪股通增持11.32万股""",9,28,2023
"""江河集团：融资净买入152.45万元，融资余额1.48亿元（09-27）""",9,28,2023
"""老子9块多进的，一万股。不挣钱不卖，或是跌到5块扛不动也卖。""",9,27,2023
"""江河集团：融资净偿还448.74万元，融资余额1.47亿元（09-26）""",9,27,2023
"""江河集团09月26日被沪股通减持64.34万股""",9,27,2023
"""江河集团09月25日被沪股通减持27.02万股""",9,26,2023
"""江河集团：融资净买入121.61万元，融资余额1.51亿元（09-25）""",9,26,2023
"""江河炒股集团世界高端品牌、""",9,25,2023
"""江河下跌的可能占了百分之六十。""",9,24,2023
"""江河集团本周融资净买入405.09万元，居装修装饰板块第三""",9,24,2023
"""江河集团本周沪股通持股市值减少526.79万元，居装修装饰板块第三""",9,24,2023
"""因个人资金需求，本人决定启动减持部份股份，拟定于2023年9月25日1个工作日内""",9,24,2023
"""没有成交量了""",9,23,2023
"""江河集团09月22日被沪股通减持42.26万股""",9,23,2023
"""江河集团：融资净买入397.47万元，融资余额1.5亿元（09-22）""",9,23,2023
"""庐山升龙霸！！[奸笑]""",9,22,2023
"""5.5才是它的底。再在5.5到6盘三月，谁能拿好，准能翻倍到11.12""",9,22,2023
"""明天后天在跌5%，你们还能拿住不。""",9,22,2023
"""江河集团09月21日被沪股通减持8.52万股""",9,22,2023
"""江河集团：融资净偿还12.4万元，融资余额1.46亿元（09-21）""",9,22,2023
"""江河集团2023年半年度业绩说明会""",9,21,2023
"""光伏幕墙施工需要三种资质，请问目前有这三种资质的公司多吗？ 未来光伏幕墙将取代普""",9,28,2023
"""江河集团09月20日被沪股通减持18.07万股""",9,21,2023
"""江河集团：融资净偿还64.83万元，融资余额1.46亿元（09-20）""",9,21,2023
"""江河集团(601886.SH)：公司有海外市场业务""",9,20,2023
"""江河集团：公司有海外市场业务，过往在沙特等部分中东国家均承接过工程""",9,20,2023
"""缺一个长阴。""",9,20,2023
"""江河集团09月19日被沪股通减持12.28万股""",9,20,2023
"""江河集团：融资净买入100.7万元，融资余额1.47亿元（09-19）""",9,20,2023
"""利好消息跌成这样，有点惨""",9,19,2023
"""沙特超大工程镜线计划已正式开工，其中会用到大量幕墙和光伏幕墙，公司作为全球最大幕""",9,20,2023
"""江河集团09月18日获沪股通增持14.48万股""",9,19,2023
"""江河集团：连续3日融资净偿还累计397.44万元（09-18）""",9,19,2023
"""江河集团:北京市天元律师事务所关于江河集团2023年第一次临时股东大会法律意见""",9,18,2023
"""江河集团:江河集团2023年第一次临时股东大会决议公告""",9,18,2023
"""公司的眼科业务经营好转，出现盈利，请问该业务是否出现拐点向好？对于该业务公司未来""",9,20,2023
"""江河集团：公司在湖北浠水的异型光伏已投产 目前正在生产异型组件""",9,18,2023
"""挺垃圾的，以后不会再买了""",9,18,2023
"""江河集团本周融资净偿还306.96万元，居装修装饰板块第三""",9,17,2023
"""江河集团本周沪股通持股市值减少891.68万元，居装修装饰板块第三""",9,17,2023
"""江河集团09月15日获沪股通增持57.18万股""",9,16,2023
"""江河集团：融资净偿还94.66万元，融资余额1.46亿元（09-15）""",9,16,2023
"""尾盘7000手这是什么猫腻！""",9,15,2023
"""垃圾，阴跌继续""",9,15,2023
"""在低价位拣货""",9,15,2023
"""江河集团09月14日被沪股通减持19.07万股""",9,15,2023
"""江河集团：融资净偿还286.94万元，融资余额1.47亿元（09-14）""",9,15,2023
"""都破位了，这里即将来一根7个点以上大阴线。""",9,14,2023
"""能力有限""",9,14,2023
"""$江河集团(SH601886)$""",9,14,2023
"""7.5左右是它的归宿！""",9,14,2023
"""老乡们，合力打个庐山升龙霸！[奸笑][奸笑]""",9,14,2023
"""江河集团09月13日被沪股通减持52.62万股""",9,14,2023
"""江河集团：融资净买入62.44万元，融资余额1.5亿元（09-13）""",9,14,2023
"""缺一根长阴！""",9,13,2023
"""江河集团09月12日被沪股通减持18.13万股""",9,13,2023
"""江河集团：融资净买入48.31万元，融资余额1.49亿元（09-12）""",9,13,2023
"""不要着急，随便来，矢志不移20见""",9,12,2023
"""江河集团09月11日被沪股通减持75.69万股""",9,12,2023
"""江河集团：融资净偿还36.1万元，融资余额1.49亿元（09-11）""",9,12,2023
"""老乡们，别忘了我们的口号，风里雨里，20等你，[奸笑][奸笑]""",9,11,2023
"""不破不立，创新低了，就能涨了""",9,11,2023
"""请问公司在湖北的异型光伏组件基地，目前是否在满负苛生产？有无扩产计划？""",9,18,2023
"""江河集团本周融资净偿还91.62万元，居装修装饰板块第一""",9,10,2023
"""江河集团本周沪股通持股市值减少134.13万元，居装修装饰板块第三""",9,10,2023
"""江河集团：融资净买入111.69万元，融资余额1.49亿元（09-08）""",9,9,2023
"""压盘压的不错，保持住，等我的半导体获利了结再来弄你，哈哈""",9,8,2023
"""江河集团09月07日被沪股通减持11.76万股""",9,8,2023
"""江河集团：融资净偿还229.69万元，融资余额1.48亿元（09-07）""",9,8,2023
"""差不多了，明日大阳起飞！[加油][加油]""",9,7,2023
"""江河集团人气较昨日提升2874 现居飙升榜第九""",9,7,2023
"""起码给我赚五个点。""",9,7,2023
"""江河集团09月06日获沪股通增持26.36万股""",9,7,2023
"""江河集团：融资净买入58万元，融资余额1.5亿元（09-06）""",9,7,2023
"""明天板""",9,6,2023
"""你既然发了，何必要删呢，用心险恶""",9,6,2023
"""江河集团09月05日获沪股通增持9.88万股""",9,6,2023
"""江河集团：融资净偿还340.04万元，融资余额1.5亿元（09-05）""",9,6,2023
"""这价格就是白送啊，继续买！""",9,5,2023
"""江河集团09月04日被沪股通减持39.56万股""",9,5,2023
"""江河集团：融资净买入308.43万元，融资余额1.53亿元（09-04）""",9,5,2023
"""虽然从来没买过你一股，但看到你这不争气的样子，想踹你。全板块就你一家绿""",9,4,2023
"""装修装饰板块今天大涨，这丫的板块垫底，唯一一个绿的，真不是东西！""",9,4,2023
"""6.66挂卖单，不玩了，留下的发财""",9,4,2023
"""清仓[怒]""",9,4,2023
"""江河集团本周融资净买入407.02万元，居装修装饰板块第二""",9,3,2023
"""江河集团本周沪股通持股市值减少292.23万元，居装修装饰板块第三""",9,3,2023
"""这是个高手""",9,2,2023
"""江河集团：融资净偿还11.37万元，融资余额1.5亿元（09-01）""",9,2,2023
"""注意！江河集团将于9月18日召开股东大会""",9,1,2023
"""江河集团:江河集团关于全资子公司对外提供阶段性担保的公告""",9,1,2023
"""江河集团:江河集团第六届董事会第十次会议决议公告""",9,1,2023
"""江河集团:江河集团独立董事关于公司全资子公司对外提供阶段性担保的独立意见""",9,1,2023
"""江河集团:江河集团关于召开2023年第一次临时股东大会通知的公告""",9,1,2023
"""江河集团:江河集团第六届监事会第九次会议决议公告""",9,1,2023
"""江河集团:江河集团2023年第一次临时股东大会议案""",9,1,2023
"""江河集团:江河集团独立董事关于公司全资子公司对外提供阶段性担保的事前认可意见""",9,1,2023
"""华西证券维持江河集团买入评级 预计2023年净利润同比增长29.34%""",9,1,2023
"""江河集团08月31日被沪股通减持57.15万股""",9,1,2023
"""江河集团：融资净买入238.38万元，融资余额1.5亿元（08-31）""",9,1,2023
"""天风证券维持江河集团买入评级 目标价10.68元""",8,31,2023
"""尾盘又表演了一波老乡别走[大笑]，明天套住，下周开始阴跌""",8,31,2023
"""来来回回做电梯，江河动能不足，目前不亏钱，拿到亏损割肉为止[坏笑]""",8,31,2023
"""江河集团08月30日被沪股通减持10.48万股""",8,31,2023
"""江河集团：融资净偿还446.77万元，融资余额1.48亿元（08-30）""",8,31,2023
"""江河集团上半年净利润增长42% 在手订单充足""",8,30,2023
"""天风证券给予江河集团买入评级 Q2收入加快增长 现金流大幅改善 关注BIPV转型成效 目标价格为10.68元""",8,30,2023
"""Q2收入加快增长，现金流大幅改善，关注BIPV转型成效""",8,30,2023
"""中信证券维持江河集团买入评级 目标价10元""",8,30,2023
"""国泰君安维持江河集团增持评级 目标价10.97元""",8,30,2023
"""东北证券维持江河集团买入评级 预计2023年净利润同比增长48.85%""",8,30,2023
"""江河集团08月29日获沪股通增持18.81万股""",8,30,2023
"""江河集团：融资净买入979.36万元，融资余额1.52亿元（08-29）""",8,30,2023
"""中泰证券维持江河集团买入评级 预计2023年净利润同比增长42.92%""",8,29,2023
"""业绩符合预期，BIPV订单再创新高""",8,29,2023
"""到9元再看""",8,29,2023
"""江河集团：上半年营收净利实现双增长""",8,29,2023
"""不管大盘怎么样，不管业绩好不好，一个字砸""",8,29,2023
"""很明显，就是中信在做空""",8,29,2023
"""江河集团08月28日获沪股通增持16.8万股""",8,29,2023
"""江河集团：融资净偿还352.57万元，融资余额1.42亿元（08-28）""",8,29,2023
"""江河集团：业绩说明会定于9月21日举行""",8,29,2023
"""发力BIPV业务 江河集团上半年归属于上市公司股东净利润同比增长42.03%""",8,28,2023
"""江河集团股东户数下降15.53%，户均持股55.38万元""",8,28,2023
"""江河集团：2023上半年净利润同比增长42.03%""",8,28,2023
"""江河集团:江河创建集团股份有限公司关于召开2023年半年度业绩说明会的公告""",8,28,2023
"""江河集团:江河集团2023年半年度报告摘要""",8,28,2023
"""江河集团:江河集团2023年半年度报告全文""",8,28,2023
"""江河集团私自变更自来水管道，使用国家禁止的涂塑管道。危害几千户居民身体健康""",8,28,2023
"""这个里面有二比，天天叫唤，跟汪一样，叫的真叫人烦""",8,28,2023
"""$江河集团(SH601886)$""",8,28,2023
"""今晚的业绩肯定有雷[傲]""",8,28,2023
"""你是有多菜？买了你比吃了还难受""",8,28,2023
"""哇，""",8,28,2023
"""你为什么不发债券？""",8,28,2023
"""记着表演庐山升龙霸啊！！[奸笑][奸笑][奸笑]""",8,27,2023
"""江河集团本周融资净偿还236.36万元，居装修装饰板块第三""",8,27,2023
"""看好你就买，当下股价风险可控""",8,27,2023
"""江河集团本周沪股通持股市值增加1232.02万元，居装修装饰板块第三""",8,27,2023
"""江河集团楼盘擅自更改自来水供水管，使用劣质且国家明令禁止的涂塑管道。""",8,26,2023
"""江河集团08月25日获沪股通增持11.54万股""",8,26,2023
"""江河集团：融资净买入16.81万元，融资余额1.46亿元（08-25）""",8,26,2023
"""请问公司大股东是否看好公司未来的发展？若看好是否会在二级市场上回购公司股票？谢谢""",8,29,2023
"""请问未来光伏幕墙的暴发期会在哪个时期？哪个年份？谢谢""",8,29,2023
"""江河集团08月24日获沪股通增持42.33万股""",8,25,2023
"""江河集团：融资净买入142.97万元，融资余额1.46亿元（08-24）""",8,25,2023
"""已割肉，等大盘稳定再说了不敢玩了""",8,24,2023
"""江河集团08月23日获沪股通增持70.33万股""",8,24,2023
"""江河集团：融资净偿还355.89万元，融资余额1.44亿元（08-23）""",8,24,2023
"""补跌还没有开始""",8,23,2023
"""八十等你""",8,23,2023
"""江河集团：公司实际控制人刘载望质押1300万股""",8,23,2023
"""江河集团：公司未与FiStsoLar公司接触""",8,23,2023
"""江河集团:江河集团关于实际控制人办理股份质押式回购交易的公告""",8,23,2023
"""这放量下跌，不妙，继续减持[摊手][摊手][摊手][卖出][卖出][卖出][看空""",8,23,2023
"""破位了""",8,23,2023
"""风里雨里，20等你！！""",8,23,2023
"""江河集团08月22日被沪股通减持4.35万股""",8,23,2023
"""江河集团：融资净偿还48.47万元，融资余额1.48亿元（08-22）""",8,23,2023
"""老乡们，别怕，继续抄！！[呲牙][呲牙]""",8,22,2023
"""江河集团08月21日获沪股通增持25.38万股""",8,22,2023
"""江河集团：融资净买入8.21万元，融资余额1.48亿元（08-21）""",8,22,2023
"""杭州亚运会进入倒计时，亚运概念股表现在即""",8,21,2023
"""江河集团本周融资净偿还549.67万元，居装修装饰板块第一""",8,20,2023
"""江河集团本周沪股通持股市值减少239.23万元，居装修装饰板块第三""",8,20,2023
"""最近锂电价价格大幅下跌，这是一个好的时机，第二增长曲线即将爆发""",8,19,2023
"""江河集团08月18日被沪股通减持16.64万股""",8,19,2023
"""江河集团：融资净买入4.78万元，融资余额1.48亿元（08-18）""",8,19,2023
"""据传公司正与全球最大的碲化镉电池公司FiStsoLar接触，后者有意与江河集团进""",8,23,2023
"""江河集团08月17日获沪股通增持14.19万股""",8,18,2023
"""江河集团：融资净偿还420.47万元，融资余额1.48亿元（08-17）""",8,18,2023
"""江河集团：碧桂园不是公司主要客户""",8,17,2023
"""江河集团，主力高度控盘，有14家机构在里边。江河集团第二次创业，光伏建筑一体光。""",8,17,2023
"""江河集团08月16日获沪股通增持14.65万股""",8,17,2023
"""江河集团08月15日被沪股通减持31.84万股""",8,16,2023
"""江河集团：融资净买入106.64万元，融资余额1.54亿元（08-15）""",8,16,2023
"""江河集团08月14日被沪股通减持6.71万股""",8,15,2023
"""江河集团：连续3日融资净偿还累计202.54万元（08-14）""",8,15,2023
"""还钱还钱，拖欠农民工的血汗钱不给，旗下公司北京承达创建承包深圳神州数码工地，拖欠""",8,14,2023
"""好股，目标20""",8,14,2023
"""明天大阳""",8,13,2023
"""江河集团本周融资净偿还515.71万元，居装修装饰板块第二""",8,13,2023
"""江河集团本周沪股通持股市值增加587.43万元，居装修装饰板块第二""",8,13,2023
"""江河集团08月11日被沪股通减持18.99万股""",8,12,2023
"""江河集团：融资净偿还58.67万元，融资余额1.54亿元（08-11）""",8,12,2023
"""完了，加仓早了，今天又了""",8,11,2023
"""江河集团08月10日被沪股通减持25.97万股""",8,11,2023
"""江河集团：融资净偿还96.97万元，融资余额1.54亿元（08-10）""",8,11,2023
"""明日有大阳！[想一下]""",8,10,2023
"""老乡别走，买什么票不亏钱""",8,10,2023
"""再补3w""",8,10,2023
"""请及时披露公司和碧桂园合同额情况，别弄到年底再一次像恒大一样暴雷。""",8,17,2023
"""江河集团08月09日被沪股通减持10.24万股""",8,10,2023
"""江河集团：融资净买入62.17万元，融资余额1.55亿元（08-09）""",8,10,2023
"""龙头中国建筑已经突破回踩洗盘，估计下个月要突破了，不知道江河跟不跟""",8,9,2023
"""江河集团08月08日被沪股通减持76.67万股""",8,9,2023
"""江河集团：融资净偿还38.39万元，融资余额1.55亿元（08-08）""",8,9,2023
"""公告: 关于江河创建集团与泛海纠纷问题已达成和解""",8,8,2023
"""江河集团8月8日快速上涨""",8,8,2023
"""江河集团08月07日获沪股通增持196.93万股""",8,8,2023
"""江河集团：融资净偿还383.85万元，融资余额1.55亿元（08-07）""",8,8,2023
"""今天咋回事！跌那么多""",8,7,2023
"""今天建仓就放量下跌，我服了你""",8,7,2023
"""江河集团8月7日盘中跌幅达5%""",8,7,2023
"""买了半仓，准备8.7附近加仓，中报应该不错""",8,7,2023
"""高位压盘，起涨前奏，风里雨里，20等你！[奸笑][奸笑][奸笑]""",8,7,2023
"""9.63接的，泪目了，低抛高吸""",8,7,2023
"""江河集团本周融资净买入491.89万元，居装修装饰板块第四""",8,6,2023
"""江河集团本周沪股通持股市值增加2147.03万元，居装修装饰板块第二""",8,6,2023
"""江河集团08月04日被沪股通减持17.06万股""",8,5,2023
"""江河集团：融资净买入244.59万元，融资余额1.59亿元（08-04）""",8,5,2023
"""江河集团：湖北浠水的异型光伏中试线已顺利投产""",8,4,2023
"""江河集团：凡涉及幕墙、BIPV及内装工程的城中村改造项目 均属于公司的主营业务范围""",8,4,2023
"""江河集团：公司在湖北浠水的异型光伏中试线已顺利投产""",8,4,2023
"""收到9.32以上，下周吃肉。[拜神][拜神][拜神]""",8,4,2023
"""百亿的公司，半天的成交量才不到一千万元，什么鬼东西[囧]""",8,4,2023
"""江河集团08月03日获沪股通增持20.17万股""",8,4,2023
"""江河集团：融资净买入144.38万元，融资余额1.57亿元（08-03）""",8,4,2023
"""明天给企划部加鸡腿，快十点了还在工作，值得表扬。[献花][献花][献花][赞][""",8,3,2023
"""是时候表演庐山升龙霸了！[笑哭][奸笑]""",8,3,2023
"""江河集团08月02日获沪股通增持23.35万股""",8,3,2023
"""江河集团：融资净偿还118.95万元，融资余额1.55亿元（08-02）""",8,3,2023
"""江河的未来在哪里？就这样的股价，被套牢之后就差一点点不能解套……郁闷郁闷""",8,2,2023
"""江河集团08月01日获沪股通增持62.82万股""",8,2,2023
"""江河集团：融资净买入1.6万元，融资余额1.56亿元（08-01）""",8,2,2023
"""华西证券维持江河集团买入评级 预计2023年净利润同比增长29.34%""",8,2,2023
"""9.03继续加仓干，20等你！""",8,1,2023
"""江河集团07月31日获沪股通增持143.54万股""",8,1,2023
"""江河集团：融资净买入220.27万元，融资余额1.56亿元（07-31）""",8,1,2023
"""整个疲弱，全面疲弱""",7,31,2023
"""请问公司在湖北浠水的异型光伏组件基地是否顺利投产？目前订单是否饱满？预计全面投产""",8,4,2023
"""请问公司业务是否涉及城中村改造？谢谢！""",8,4,2023
"""请问光伏幕墙未来发展前景如何？目前客户咨询惑有意增加光伏系统的多吗？谢谢""",8,4,2023
"""江河集团本周融资净偿还852.64万元，居装修装饰板块第二""",7,30,2023
"""江河集团本周沪股通持股市值增加2548.87万元，居装修装饰板块第二""",7,30,2023
"""江河集团是只好票，周K，月K，季K，年K。大趋势看涨。股价看12元只是时间问题。""",7,30,2023
"""卡位优势 布局异型组件”助力这家公司成为光伏幕墙龙头""",7,29,2023
"""为什么我转发关于cnic重组的公告不让发？英文好的，去cnic看看重组公告，停牌""",7,29,2023
"""江河集团07月28日获沪股通增持68.77万股""",7,29,2023
"""江河集团：连续3日融资净偿还累计991.48万元（07-28）""",7,29,2023
"""BIPV龙儿，该醒醒了，[想一下][想一下][想一下]""",7,28,2023
"""江河集团：建筑装饰板块上半年累计中标金额同比减少7%""",7,28,2023
"""江河集团：上半年建筑装饰板块中标金额约113亿元 同比减少7%""",7,28,2023
"""江河集团:江河集团关于2023年半年度主要经营数据公告""",7,28,2023
"""这股有意思。唱戏连个捧场的都没有""",7,28,2023
"""扶我起来，我还能把口号喊起来！！！[笑哭][笑哭][笑哭]""",7,28,2023
"""咋回事！所有都涨你跌""",7,28,2023
"""浪费大好行情""",7,28,2023
"""江河集团07月27日获沪股通增持61.69万股""",7,28,2023
"""江河集团：融资净偿还234.29万元，融资余额1.57亿元（07-27）""",7,28,2023
"""江河集团07月26日获沪股通增持96.68万股""",7,27,2023
"""江河集团：融资净偿还498.58万元，融资余额1.59亿元（07-26）""",7,27,2023
"""扶我起来，我还能喊：“风里雨里，20等你！”[呲牙][呲牙][呲牙]""",7,26,2023
"""大家跟着一起喊，跌停！跌停！跌停！跌停了大家一起来抄底[坏笑]""",7,26,2023
"""江河集团07月25日获沪股通增持29.12万股""",7,26,2023
"""江河集团：融资净买入1.39万元，融资余额1.64亿元（07-25）""",7,26,2023
"""好惨，哈哈，这个行情都起不来，请问还有上涨的可能性吗""",7,25,2023
"""每天都要保证他的最低点是绿色的他才满意牛笔""",7,25,2023
"""江河集团07月24日获沪股通增持12.15万股""",7,25,2023
"""江河集团：融资净买入137.45万元，融资余额1.64亿元（07-24）""",7,25,2023
"""1000w都可以拉涨停了吧[笑哭][笑哭][笑哭]""",7,24,2023
"""做幕墙买恒尚节能股份比江河集团更有成长性。""",7,24,2023
"""尊敬的董秘好！请问公司目前已承接过的项目中有无涉及城中村改造项目，未来是否准备在""",8,4,2023
"""江河集团本周融资净偿还585.93万元，居装修装饰板块第三""",7,23,2023
"""江河集团本周沪股通持股市值增加243.17万元，居装修装饰板块第五""",7,23,2023
"""江河集团07月21日获沪股通增持63.03万股""",7,22,2023
"""江河集团：融资净偿还563.23万元，融资余额1.63亿元（07-21）""",7,22,2023
"""照这趋势，今天可能会跌停""",7,21,2023
"""跌这么多，难道是双头？""",7,21,2023
"""啥时收网？能不能上""",7,21,2023
"""江河集团07月20日获沪股通增持28.53万股""",7,21,2023
"""江河集团：融资净偿还286.34万元，融资余额1.68亿元（07-20）""",7,21,2023
"""I0""",7,20,2023
"""风里雨里，20等你""",7,20,2023
"""跟恒大合作的也能涨？""",7,20,2023
"""江河集团07月19日被沪股通减持37.24万股""",7,20,2023
"""江河集团：融资净买入700.77万元，融资余额1.71亿元（07-19）""",7,20,2023
"""中泰证券维持江河集团买入评级 预计2023年净利润同比增长42.92%""",7,19,2023
"""转发""",7,19,2023
"""今天先把10破了来，[加油]""",7,19,2023
"""江河集团7月19日快速反弹""",7,19,2023
"""中泰证券给予江河集团买入评级，BIPV幕墙龙头，布局异型组件质地稀缺""",7,19,2023
"""A股进入调整期，接下来看好这些方向！""",7,19,2023
"""BIPV幕墙龙头，布局异型组件质地稀缺""",7,19,2023
"""江河集团07月18日被沪股通减持29.23万股""",7,19,2023
"""江河集团：融资净买入377万元，融资余额1.64亿元（07-18）""",7,19,2023
"""难受哦，冲高回落了""",7,18,2023
"""一个天天，一个推票的，都什么牛马啊？""",7,18,2023
"""$江河集团(SH601886)$""",7,18,2023
"""江河集团：融资净偿还814.13万元，融资余额1.6亿元（07-17）""",7,18,2023
"""江河集团本周融资净偿还244.17万元，居装修装饰板块第二""",7,16,2023
"""江河集团本周沪股通持股市值减少108.82万元，居装修装饰板块第四""",7,16,2023
"""周一高开收个十字线？？""",7,15,2023
"""江河集团07月14日获沪股通增持35.35万股""",7,15,2023
"""江河集团：融资净买入102.89万元，融资余额1.68亿元（07-14）""",7,15,2023
"""昨天进去，本来想早盘跑，结果早盘多挂了两分，再撤单已不及了，前前后后多次进出，从""",7,14,2023
"""风里雨里，20等你""",7,14,2023
"""江河日下""",7,14,2023
"""上面毫无压力都涨不动，不晓得主力是什么意思""",7,14,2023
"""记录自己的美好，也祝各位都能赚大钱，江河不是头，我一定会回来的！""",7,14,2023
"""江河集团07月13日被沪股通减持63.33万股""",7,14,2023
"""江河集团：连续5日融资净偿还累计461.39万元（07-13）""",7,14,2023
"""风里雨里，20等你""",7,13,2023
"""t早了[大哭]""",7,13,2023
"""江河集团07月12日获沪股通增持19.37万股""",7,13,2023
"""江河集团：连续4日融资净偿还累计395.3万元（07-12）""",7,13,2023
"""江河集团07月11日获沪股通增持12.8万股""",7,12,2023
"""江河集团：连续3日融资净偿还累计322.59万元（07-11）""",7,12,2023
"""江河集团07月10日被沪股通减持13.97万股""",7,11,2023
"""江河集团：融资净偿还136.96万元，融资余额1.7亿元（07-10）""",7,11,2023
"""风里雨里，20等你""",7,10,2023
"""三支乌鸦，还有什么好奢望的[坏笑][坏笑][坏笑]""",7,10,2023
"""主力出货未完，还会拉高。""",7,9,2023
"""江河集团本周融资净偿还576.23万元，居装修装饰板块第二""",7,9,2023
"""江河集团本周沪股通持股市值增加908.31万元，居装修装饰板块第二""",7,9,2023
"""江河集团07月07日获沪股通增持49.28万股""",7,8,2023
"""江河集团：融资净偿还114.33万元，融资余额1.71亿元（07-07）""",7,8,2023
"""江河集团07月06日获沪股通增持13.31万股""",7,7,2023
"""江河集团：融资净买入109.5万元，融资余额1.72亿元（07-06）""",7,7,2023
"""宋大美女说江河集团订单暴增，不是空口无凭，那是有出处的，上图。[呲牙][呲牙][""",7,6,2023
"""风里雨里，20等你，[奸笑][奸笑]""",7,6,2023
"""金蛤蟆走势，牛掰[赞][赞][赞]""",7,6,2023
"""江河集团07月05日被沪股通减持9.38万股""",7,6,2023
"""江河集团：融资净偿还635.17万元，融资余额1.71亿元（07-05）""",7,6,2023
"""这票现在是在悄悄涨，人气低迷，等到天天十几万放两三个绿住的时候就可以出局。不过我""",7,6,2023
"""出个公告吧""",7,5,2023
"""订单暴涨，业绩绝对是没问题了""",7,5,2023
"""哇，超低振幅绝量，6W形态空中加油，银座股份大股东频频增持。周线和月线堆量鸭头展""",7,5,2023
"""看好[抱拳][赞]""",7,5,2023
"""今天开始慢慢抛了，留下来的发财[抱拳][抱拳][抱拳][卖出][卖出][卖出][""",7,5,2023
"""没有换手率这样涨，大家觉得正常吗？呵呵，贪婪是噩梦的开始！长点脑子吧""",7,5,2023
"""风里雨里，20等你""",7,5,2023
"""不涨停，涨不停，牛""",7,5,2023
"""现在走可以吗？各位""",7,5,2023
"""这个股票怎么回事？不回调？""",7,5,2023
"""江河集团7月5日快速反弹""",7,5,2023
"""江河集团07月04日获沪股通增持11.4万股""",7,5,2023
"""江河集团：融资净偿还92.86万元，融资余额1.77亿元（07-04）""",7,5,2023
"""江河集团07月03日获沪股通增持32.11万股""",7,4,2023
"""江河集团：连续3日融资净买入累计256.36万元（07-03）""",7,4,2023
"""江河集团，光优建筑一体化。武汉光伏园己建成并投产。江河集团，国内，国外发展前景广""",7,3,2023
"""7.3号自我交易模式""",7,3,2023
"""这股太磨叽，拿够了。还好没赔钱。留下的发财。""",7,3,2023
"""我说的巨阳终于来了，[呲牙]""",7,3,2023
"""江河集团本周融资净买入123.98万元，居装修装饰板块第二""",7,2,2023
"""江河集团本周沪股通持股市值增加345.89万元，居装修装饰板块第四""",7,2,2023
"""江河集团06月30日获沪股通增持25.4万股""",7,1,2023
"""江河集团：融资净买入28.08万元，融资余额1.77亿元（06-30）""",7,1,2023
"""江河集团06月29日获沪股通增持8.83万股""",6,30,2023
"""江河集团：融资净买入71.64万元，融资余额1.76亿元（06-29）""",6,30,2023
"""明天必跌。立帖为证""",6,29,2023
"""鳄鱼马上要张嘴，买入！""",6,29,2023
"""龙哥，醒醒，别装睡了，[奸笑]""",6,29,2023
"""江河集团06月28日获沪股通增持1.62万股""",6,29,2023
"""江河集团：融资净偿还50.27万元，融资余额1.76亿元（06-28）""",6,29,2023
"""记录跟踪.85不能有效跌破[得意]未来两天这个位置只要不是低开低走怎么折腾都合理""",6,29,2023
"""到了9块就割肉""",6,28,2023
"""龙儿，是时候来根大阳了，[呲牙]""",6,28,2023
"""江河集团06月27日获沪股通增持15.38万股""",6,28,2023
"""江河集团：融资净买入197.79万元，融资余额1.76亿元（06-27）""",6,28,2023
"""幸好早上先跑""",6,27,2023
"""港资跑完了""",6,27,2023
"""江河集团：融资净偿还123.26万元，融资余额1.74亿元（06-26）""",6,27,2023
"""开盘前与共十轮波次，屡次拉升被填平，好羡慕啊！各位怎么想呢？除我南城释小龙外是否""",6,27,2023
"""江河集团06月26日被沪股通减持11.7万股""",6,27,2023
"""江河集团：十多年前就已经应用了OA、SAP、PLM、BIM等办公、设计软件""",6,26,2023
"""江河集团：目前公司暂时没有分拆港源装饰单独上市的计划""",6,26,2023
"""江河集团：目前港源装饰已轻装上阵 正在积极承接优质工程 暂时没有分拆港源装饰单独上市的计划""",6,26,2023
"""江河集团本周融资净偿还682.56万元，居装修装饰板块第一""",6,25,2023
"""明天来个低开高走，买进去干""",6,24,2023
"""cine英国电影院还有0.8[哭]""",6,23,2023
"""江河集团：融资净买入55.39万元，融资余额1.75亿元（06-21）""",6,22,2023
"""江河集团06月21日被沪股通减持19.97万股""",6,22,2023
"""感觉一直憋着不放量像是再等什么奇怪""",6,21,2023
"""江河集团06月20日获沪股通增持27.15万股""",6,21,2023
"""江河集团：连续3日融资净偿还累计773.47万元（06-20）""",6,21,2023
"""现在上车正是时候""",6,20,2023
"""这股要爆发啊""",6,20,2023
"""走的这个纠结""",6,20,2023
"""江河集团06月19日获沪股通增持4.56万股""",6,20,2023
"""江河集团：融资净偿还214.75万元，融资余额1.8亿元（06-19）""",6,20,2023
"""看这样子今年估计要创新高了""",6,19,2023
"""据了解，公司以“为了人类的生存环境和健康福祉”为使命，致力于提供绿色建筑系统服务""",6,26,2023
"""龙儿，醒醒，该腾云驾雾了，[奸笑]""",6,19,2023
"""江河集团本周融资净偿还487.93万元，居装修装饰板块第三""",6,18,2023
"""江河集团本周沪股通持股市值增加6.57万元，居装修装饰板块第二""",6,18,2023
"""社保基金422基金重仓持有这么多A股股票，养老医保都不愁了！1.江河集团，社保4""",6,18,2023
"""江河集团06月16日被沪股通减持22.88万股""",6,17,2023
"""江河集团：融资净偿还35.52万元，融资余额1.82亿元（06-16）""",6,17,2023
"""收个9.19多厉害""",6,16,2023
"""8.92这么多托单啥意思？请教各位""",6,16,2023
"""玉珠集团何时入驻江河集团？[捂脸][坏笑][抓狂][奸笑]""",6,16,2023
"""江河集团06月15日获沪股通增持14.84万股""",6,16,2023
"""江河集团：融资净买入51万元，融资余额1.83亿元（06-15）""",6,16,2023
"""江河集团:江河集团关于实际控制人办理股份质押式回购交易的公告""",6,15,2023
"""可以跌了""",6,15,2023
"""看样子，黑色星期四来了，完蛋""",6,15,2023
"""要抹10块钱的边对吧""",6,15,2023
"""江河集团06月14日被沪股通减持16.41万股""",6,15,2023
"""江河集团：融资净偿还407.37万元，融资余额1.82亿元（06-14）""",6,15,2023
"""8.88是发发发还是拜拜拜""",6,14,2023
"""风里雨里，20等你""",6,14,2023
"""尊敬的董秘您好，近日苹果公司推出首款MR头显Vision Pro，AR眼镜品牌X""",6,26,2023
"""江河日上，蓝天白云。光伏建筑一体化。武汉生产光伏园已开工生产。国内外订单前景广阔""",6,14,2023
"""现在整个装修板块，江河股份的资金流量最高，有大资金关注了，上涨空间还很大""",6,14,2023
"""中线布局！""",6,14,2023
"""过9元，秒板""",6,14,2023
"""还可以买，还没有发力呢""",6,14,2023
"""此股必到10块以上""",6,14,2023
"""江河集团06月13日被沪股通减持6.2万股""",6,14,2023
"""江河集团：融资净买入48.53万元，融资余额1.86亿元（06-13）""",6,14,2023
"""8.67翻倍可期，很明显自行把握""",6,14,2023
"""上周说你快了，今天就来了，[大笑]""",6,13,2023
"""江河集团06月12日获沪股通增持33.53万股""",6,13,2023
"""江河集团：连续3日融资净偿还累计479.67万元（06-12）""",6,13,2023
"""北向再砸还得磨磨""",6,12,2023
"""江河集团本周融资净偿还476.02万元，居装修装饰板块第四""",6,11,2023
"""江河集团本周沪股通持股市值减少613.78万元，居装修装饰板块第二""",6,11,2023
"""江河集团06月09日被沪股通减持40.62万股""",6,10,2023
"""江河集团：融资净偿还244.35万元，融资余额1.87亿元（06-09）""",6,10,2023
"""芯能都涨停了，你在干嘛？""",6,9,2023
"""跟着主力上蹿下跳做短线真好，谢谢主力成本只有4元了""",6,9,2023
"""江河集团：融资净偿还90.74万元，融资余额1.9亿元（06-08）""",6,9,2023
"""江河集团06月08日被沪股通减持10.28万股""",6,9,2023
"""江河集团06月07日被沪股通减持22.16万股""",6,8,2023
"""江河集团：融资净买入12.46万元，融资余额1.9亿元（06-07）""",6,8,2023
"""明天不来个涨停都没人气了""",6,7,2023
"""一点半摔杯为号，拉涨停""",6,7,2023
"""江河集团06月06日被沪股通减持34.81万股""",6,7,2023
"""江河集团：融资净偿还94.31万元，融资余额1.9亿元（06-06）""",6,7,2023
"""扶不起来的阿斗，继续绿下去。""",6,6,2023
"""为什么没人成交""",6,6,2023
"""江河集团06月05日获沪股通增持31万股""",6,6,2023
"""江河集团：融资净偿还59.09万元，融资余额1.91亿元（06-05）""",6,6,2023
"""江河集团本周融资净买入914.89万元，居装修装饰板块第一""",6,4,2023
"""江河集团本周沪股通持股市值增加460.37万元，居装修装饰板块第二""",6,4,2023
"""7.33或5.79看能否反转""",6,4,2023
"""凡是逆势涨的，大盘上涨正是庄家出货时，你若不信就等着瞧""",6,4,2023
"""江河集团06月02日被沪股通减持2.06万股""",6,3,2023
"""江河集团：连续3日融资净买入累计734.87万元（06-02）""",6,3,2023
"""江河集团06月01日获沪股通增持35.51万股""",6,2,2023
"""江河集团：融资净买入496.8万元，融资余额1.9亿元（06-01）""",6,2,2023
"""开启下跌狂飙模式。真恶心！""",6,1,2023
"""都涨了，就你""",6,1,2023
"""江河集团05月31日获沪股通增持7.61万股""",6,1,2023
"""江河集团：融资净买入33.88万元，融资余额1.85亿元（05-31）""",6,1,2023
"""江河集团05月30日获沪股通增持12.84万股""",5,31,2023
"""XD江河集：融资净偿还42.75万元，融资余额1.85亿元（05-30）""",5,31,2023
"""股吧怎么这么冷清？都不看好吗？""",5,31,2023
"""江河集团05月29日获沪股通增持3.66万股""",5,30,2023
"""江河集团：连续3日融资净买入累计685.02万元（05-29）""",5,30,2023
"""他是潘锦功，被印度以“科学无国界”极力挽留，放弃美国1.2亿年薪的“中国第二钱学""",5,29,2023
"""公司坚持多品牌协同发展、坚持产业经营和资本运营双轮驱动发展。从走势看，底部上来后""",5,29,2023
"""上方压力巨大，去看一下去年12月6日。""",5,29,2023
"""尊敬的董秘您好!江河集团2013年开始收购港源装饰已近10年，但10年来港源装饰""",6,26,2023
"""江河集团本周融资净偿还17.1万元，居装修装饰板块第三""",5,28,2023
"""江河集团本周沪股通持股市值减少1264.73万元，居装修装饰板块第二""",5,28,2023
"""江河集团：融资净买入66.51万元，融资余额1.83亿元（05-26）""",5,27,2023
"""江河集团:江河集团关于实际控制人部分股份质押及解除质押的公告""",5,26,2023
"""618快来了，主力说来个816骨折促销，[捂脸][捂脸][捂脸]""",5,26,2023
"""昨天涨那么好，今天这是补跌吗？""",5,26,2023
"""拿了七十多天，昨天全部卖出""",5,26,2023
"""别洗了，速度涨停""",5,26,2023
"""利好消息放出""",5,26,2023
"""8.17入手""",5,26,2023
"""江河集团05月25日被沪股通减持53.17万股""",5,26,2023
"""江河集团：融资净买入395.74万元，融资余额1.82亿元（05-25）""",5,26,2023
"""预计2023年合理市值为110亿元，对应14xPE""",5,25,2023
"""明天直接挂涨停卖出了""",5,25,2023
"""江河牛B啊，可惜我割肉卖了，没想到这么强，真后悔""",5,25,2023
"""江河集团05月24日被沪股通减持55.72万股""",5,25,2023
"""江河集团：融资净偿还167万元，融资余额1.78亿元（05-24）""",5,25,2023
"""主升了，20见""",5,24,2023
"""$江河集团(SH601886)$""",5,24,2023
"""明天会不会补跌？应该减点仓的""",5,24,2023
"""江河集团05月23日被沪股通减持39.05万股""",5,24,2023
"""江河集团：融资净买入5.47万元，融资余额1.8亿元（05-23）""",5,24,2023
"""今年能不能上9块钱？明年能不能上10？""",5,23,2023
"""$江河集团(SH601886)$""",5,23,2023
"""江河集团:江河集团2022年年度权益分派实施公告""",5,23,2023
"""看这MACD的走势有点鸭子张嘴的意思""",5,23,2023
"""已经废了，t神太多""",5,23,2023
"""我必须要出来说一声瑞思拜""",5,23,2023
"""江河集团05月22日被沪股通减持5.27万股""",5,23,2023
"""江河集团：连续3日融资净偿还累计410.88万元（05-22）""",5,23,2023
"""关注公众号就会看到这些。""",5,22,2023
"""江河集团：子公司中标1.05亿元装修工程项目""",5,22,2023
"""江河集团：中标杏花村汾酒厂1.04亿元工程""",5,22,2023
"""江河集团：中标1.05亿元装修工程项目""",5,22,2023
"""江河集团(601886.SH)控股子公司中标1.05亿元汾阳市一综合活动中心装修工程项目""",5,22,2023
"""江河集团：中标1.05亿元于山西杏花村汾酒厂股份有限公司综合活动中心装修工程""",5,22,2023
"""江河集团(601886.SH)：控股子公司中标1.05亿元山西汾酒综合活动中心装修工程""",5,22,2023
"""江河集团:江河集团关于重大工程中标的公告""",5,22,2023
"""别装了，你就是龙头""",5,22,2023
"""卖早了""",5,21,2023
"""江河集团本周融资净偿还135.53万元，居装修装饰板块第三""",5,21,2023
"""江河集团本周沪股通持股市值增加773.45万元，居装修装饰板块第二""",5,21,2023
"""周末闲谈江河近期在势！江河经过九个月的中级调整，在一季报增长70%的背景下开始反""",5,21,2023
"""江河藏了多少故事""",5,20,2023
"""江河集团05月19日被沪股通减持16.49万股""",5,20,2023
"""江河集团：融资净偿还60.15万元，融资余额1.83亿元（05-19）""",5,20,2023
"""圆弧顶""",5,19,2023
"""不行了看这个样子跌下去了""",5,19,2023
"""江河集团05月18日获沪股通增持20.34万股""",5,19,2023
"""江河集团：融资净偿还32.91万元，融资余额1.84亿元（05-18）""",5,19,2023
"""江河集团05月17日获沪股通增持11.7万股""",5,18,2023
"""江河集团：融资净买入2.54万元，融资余额1.84亿元（05-17）""",5,18,2023
"""昨天买入的，今天尾盘卖出了，不知明天有没有机会接回""",5,17,2023
"""天天竞价跌停。W底冲天炮鸭头空中加油，银座股份游资狂扫盘一阳穿6线，刺穿周线和月""",5,17,2023
"""江河集团05月16日获沪股通增持37.92万股""",5,17,2023
"""江河集团：融资净偿还352.4万元，融资余额1.84亿元（05-16）""",5,17,2023
"""江河集团05月15日获沪股通增持42.36万股""",5,16,2023
"""江河集团：连续6日融资净买入累计2456.25万元（05-15）""",5,16,2023
"""死了的""",5,15,2023
"""今年分红这么惨？""",5,15,2023
"""江河集团本周融资净买入2148.86万元，居装修装饰板块第一""",5,14,2023
"""江河集团本周沪股通持股市值减少883.03万元，居装修装饰板块第一""",5,14,2023
"""江河集团05月12日被沪股通减持25.43万股""",5,13,2023
"""江河集团：连续5日融资净买入累计2148.86万元（05-12）""",5,13,2023
"""这股散户这么少""",5,12,2023
"""这主力太残暴了，洗掉了多少不坚定筹码，感谢主力，我的成本只有4.5咯""",5,12,2023
"""港沟！！！""",5,12,2023
"""下午咋这么多连续一手一手的买单[捂脸]""",5,12,2023
"""还是那句话，没有万手哥，一切都是幻觉。""",5,12,2023
"""这是要干啥""",5,12,2023
"""还是港资在作怪""",5,12,2023
"""江河集团05月11日被沪股通减持22.36万股""",5,12,2023
"""江河集团：连续4日融资净买入累计2058.86万元（05-11）""",5,12,2023
"""缩量阳，感觉不好。""",5,11,2023
"""以后一定要改变自己的交易策略，上午冲高t出，下午2点过后再t回来，选的股都没问题""",5,11,2023
"""天天拉尾盘""",5,11,2023
"""没有万手哥，啥都是幻觉""",5,11,2023
"""缩量啊""",5,11,2023
"""两阳夹一阴，标准的上攻形态，缓慢放量，很稳！""",5,11,2023
"""用力过猛，后续跟不上，不是好事""",5,11,2023
"""一拉深股通就砸""",5,11,2023
"""G""",5,11,2023
"""江河集团05月10日被沪股通减持32.41万股""",5,11,2023
"""江河集团：连续3日融资净买入累计2044.57万元（05-10）""",5,11,2023
"""美滋滋，做的三支票都是挣钱的，每天上班都是满面红光的。[鼓掌]""",5,10,2023
"""8.02买的，好像跟我的帝科重复了吧""",5,10,2023
"""光伏电能是今年主打，江河本月上9元没问题""",5,10,2023
"""北向资金今天又要追高了""",5,10,2023
"""压力位置到了""",5,10,2023
"""江河集团5月10日快速上涨""",5,10,2023
"""江河集团05月09日被沪股通减持65.54万股""",5,10,2023
"""江河上巿以来，通过多年的分红，复权后现在的股价，还不到发行价。现买入者等于中签。""",5,10,2023
"""江河集团：融资净买入753.23万元，融资余额1.76亿元（05-09）""",5,10,2023
"""谢谢主力，天天让我做差价，现在成本5都不到了感谢""",5,9,2023
"""压力太大上不去""",5,9,2023
"""江河集团05月08日获沪股通增持35.68万股""",5,9,2023
"""江河集团：融资净买入606.92万元，融资余额1.69亿元（05-08）""",5,9,2023
"""废话少说，江河集团本月上9元没问题""",5,8,2023
"""谁能解释一下！尾盘啥意思啊""",5,8,2023
"""这尾盘有点做作哟，庄家故意的吧""",5,8,2023
"""最后一下跳那么多是什么鬼""",5,8,2023
"""7.80原来是支撑，现在是阻力。""",5,8,2023
"""屁股也挪一挪呀，始终如一""",5,8,2023
"""今天别涨啊！最好多跌点，我早起买江河买错了，买到金螳螂了。明天卖了来买你，别长别""",5,8,2023
"""无语这是什么意思啊？大盘都涨了那么多了，它一动不动像""",5,8,2023
"""我班""",5,8,2023
"""都给平安哥挺直了一个个的""",5,7,2023
"""平安哥笑而不语，赚了几百万的票看你们挣扎太爽了""",5,7,2023
"""江河集团05月05日获沪股通增持75.78万股""",5,6,2023
"""江河集团：融资净偿还92.21万元，融资余额1.63亿元（05-05）""",5,6,2023
"""中信证券维持江河集团买入评级 目标价10元""",5,5,2023
"""真不应该碰你[怒][傲][为什么][得意][滴汗]""",5,5,2023
"""什么东西啊""",5,5,2023
"""这个B庄啥也不是怂货一个!恶心啊""",5,5,2023
"""坚持看好江河集团涨停，目标价15元""",5,5,2023
